state,year,new_401k_plans,new_401k_with_employees,new_esrp_plans,establishments,employment,qcew_establishments,qcew_employment,rate_per_1000_estabs,esrp_rate_per_1000_estabs,with_employees_rate_per_1000_estabs,new_401k_per_1000_qcew_establishments,esrp_rate_per_1000_qcew_estabs,with_employees_rate_per_1000_qcew_estabs,first_treatment_year,treated,event_time,cohort
AK,2017,70,68,81,21279.0,262075.0,19803.0,246852.0,3.2896282720052636,3.8065698576060902,3.195638892805113,3.534817956875221,4.09028935009847,3.4338231581073573,inf,0,,0
AK,2018,67,65,86,21293.0,261053.0,19889.0,246319.0,3.14657399145259,4.038886018879444,3.0526464096181845,3.36869626426668,4.323998189954246,3.2681381668258838,inf,0,,0
AK,2019,76,74,86,21399.0,264971.0,20162.0,249300.0,3.5515678302724427,4.018879386887238,3.4581055189494836,3.7694673147505204,4.265449856165063,3.6702708064676126,inf,0,,0
AK,2020,66,62,89,21184.0,266063.0,20586.0,225077.0,3.115558912386707,4.201283987915407,2.9267371601208456,3.2060623724861554,4.323326532594968,3.0117555620324494,inf,0,,0
AK,2021,115,98,136,21641.0,251093.0,21446.0,232510.0,5.313987338847558,6.284367635506678,4.5284413844092235,5.362305325002332,6.341508906089714,4.569616711741117,inf,0,,0
AK,2022,92,78,97,22082.0,257462.0,22327.0,241031.0,4.166289285390816,4.392718050901187,3.5322887419617786,4.120571505352264,4.344515608904017,3.4935280154073545,inf,0,,0
AK,2023,135,119,140,22178.0,263691.0,23098.0,248671.0,6.0871133555776,6.312561998376769,5.365677698620255,5.844661875487056,6.061130833838428,5.151961208762663,inf,0,,0
AK,2024,125,71,130,22178.0,263691.0,23333.0,253788.0,5.636216069979259,5.861664712778429,3.2013707277482193,5.357219388848413,5.571508164402348,3.042900612865898,inf,0,,0
AL,2017,274,266,325,100419.0,1690061.0,118573.0,1574772.0,2.728567303000428,3.236439319252333,2.6489011043726785,2.310812748264782,2.74092752987611,2.2433437629139856,inf,0,,0
AL,2018,364,349,416,100267.0,1730817.0,120979.0,1598129.0,3.6303070800961432,4.1489223772527355,3.480706513608665,3.0087866489225403,3.4386133130543315,2.884798188115293,inf,0,,0
AL,2019,371,348,581,100731.0,1758609.0,123160.0,1622460.0,3.683076709255343,5.767837110720632,3.4547458081424787,3.012341669373173,4.717440727508931,2.825592724910685,inf,0,,0
AL,2020,333,313,569,100955.0,1777495.0,125809.0,1547125.0,3.298499331385271,5.636174533207865,3.1003912634342035,2.646869460849383,4.522728898568465,2.48789832205963,inf,0,,0
AL,2021,473,433,536,103514.0,1719114.0,133320.0,1602985.0,4.569430221998957,5.17804354966478,4.183009061576212,3.5478547854785476,4.02040204020402,3.247824782478248,inf,0,,0
AL,2022,470,400,507,105071.0,1777657.0,142581.0,1660156.0,4.473165764102369,4.825308600850853,3.8069495864701013,3.2963718868572953,3.5558735034822315,2.8054228824317406,inf,0,,0
AL,2023,459,390,501,105720.0,1822666.0,150014.0,1700160.0,4.341657207718502,4.738933030646992,3.688989784335982,3.059714426653512,3.339688295759063,2.5997573559801084,inf,0,,0
AL,2024,493,373,531,105720.0,1822666.0,154400.0,1717475.0,4.663261445327279,5.022701475595913,3.528187665531593,3.1930051813471505,3.4391191709844557,2.4158031088082903,inf,0,,0
AR,2017,191,179,211,66786.0,1030593.0,85102.0,1004075.0,2.859880813344114,3.1593447728565867,2.6802024376366305,2.2443655848276185,2.4793776879509295,2.1033583229536323,inf,0,,0
AR,2018,208,202,230,66975.0,1043210.0,86265.0,1014114.0,3.1056364315042924,3.4341172079134004,3.0160507652108994,2.4111748681388745,2.6662029791920245,2.3416217469425606,inf,0,,0
AR,2019,165,151,184,67243.0,1053453.0,87680.0,1022053.0,2.4537870112874205,2.736344303496275,2.2455869012387906,1.8818430656934308,2.0985401459854014,1.7221715328467153,inf,0,,0
AR,2020,220,200,250,67586.0,1055534.0,89149.0,982047.0,3.2551120054449147,3.698990915278312,2.9591927322226494,2.4677786626883083,2.8042939348730775,2.2434351478984618,inf,0,,0
AR,2021,247,222,261,68572.0,1029703.0,91571.0,1012377.0,3.602053316222365,3.8062182815143206,3.2374730210581575,2.6973605180679474,2.8502473490515556,2.4243483198829323,inf,0,,0
AR,2022,271,242,292,69634.0,1089044.0,94817.0,1056644.0,3.891777005485826,4.193353821409081,3.475313783496568,2.858137253867977,3.079616524462913,2.552284927808304,inf,0,,0
AR,2023,218,188,243,70452.0,1120356.0,98261.0,1082358.0,3.0943053426446374,3.4491568727644353,2.66848350650088,2.2185811257772663,2.4730055668067696,1.913271796541863,inf,0,,0
AR,2024,269,195,293,70452.0,1120356.0,99464.0,1097701.0,3.8182024640890253,4.158859933004031,2.7678419349344234,2.7044960990911284,2.945789431352047,1.960508324619963,inf,0,,0
AZ,2017,945,902,1071,143306.0,2448538.0,154868.0,2360211.0,6.594280769821221,7.473518205797385,6.294223549607135,6.101970710540589,6.915566805279334,5.824314900431335,inf,0,,0
AZ,2018,1058,1019,1174,144867.0,2549128.0,156748.0,2436592.0,7.303250567762154,8.10398503454893,7.034038117721773,6.749687396330415,7.489728736570802,6.500880394008218,inf,0,,0
AZ,2019,1040,984,1147,147163.0,2614641.0,162113.0,2513038.0,7.066993741633427,7.794078674666866,6.686463309391627,6.415278231850623,7.0753116653198695,6.069840173212512,inf,0,,0
AZ,2020,1170,1094,1302,149829.0,2644781.0,167158.0,2436814.0,7.808902148449232,8.689906493402479,7.3016572225670595,6.999365869416959,7.789037916222974,6.544706206104404,inf,0,,0
AZ,2021,1343,1260,1469,154759.0,2601482.0,181475.0,2553627.0,8.67800903340032,9.492178160882405,8.14169127482085,7.400468384074942,8.094778895164623,6.943105110896817,inf,0,,0
AZ,2022,1445,1293,1544,159857.0,2787701.0,203253.0,2689673.0,9.039328900204557,9.658632402709921,8.08847907817612,7.109366159417081,7.596443840927317,6.361529719118537,inf,0,,0
AZ,2023,1392,1224,1483,162845.0,2890429.0,217884.0,2765676.0,8.54800577236022,9.10681936811078,7.516349903282262,6.388720603623947,6.806374033889593,5.617668116979677,inf,0,,0
AZ,2024,1383,1001,1483,162845.0,2890429.0,222682.0,2814912.0,8.492738493659614,9.10681936811078,6.146949553256164,6.21065016480901,6.659721037174087,4.4951994323744175,inf,0,,0
CA,2017,7478,7203,8539,941377.0,14896625.0,1479872.0,14558652.0,7.943682499147526,9.070754862292153,7.651557240085535,5.053139731003762,5.7700936297193275,4.867312848678805,2018.0,0,-1.0,2018
CA,2018,8098,7867,8996,954632.0,15223664.0,1517847.0,14876010.0,8.482849935891526,9.42352655264018,8.240871875235694,5.335188592789655,5.92681607566507,5.1829993405132395,2018.0,1,0.0,2018
CA,2019,8344,7819,9177,966224.0,15516824.0,1553101.0,15127578.0,8.635678683203896,9.497797612147908,8.09232641706271,5.372477385566039,5.908823701742514,5.034443993017839,2018.0,1,1.0,2018
CA,2020,9212,8590,10048,981369.0,15710859.0,1585267.0,13966715.0,9.38688709343784,10.238758305999069,8.753078607537022,5.811008492575699,6.338364452171149,5.4186455656996575,2018.0,1,2.0,2018
CA,2021,10705,9900,11551,998582.0,14835360.0,1620760.0,14575306.0,10.72020124536593,11.56740257685398,9.914058134434628,6.60492608405933,7.126903428021421,6.108245514450012,2018.0,1,3.0,2018
CA,2022,21503,18944,22294,1023181.0,16032440.0,1670259.0,15438555.0,21.01583199844407,21.788911248351955,18.514808230410846,12.874051269892872,13.347630517183262,11.341953553311194,2018.0,1,4.0,2018
CA,2023,12901,11255,13472,1029689.0,16405436.0,1714686.0,15459871.0,12.529025754378264,13.083562124097664,10.930484835712532,7.52382651984095,7.856832096372163,6.563883999752725,2018.0,1,5.0,2018
CA,2024,13455,9683,13863,1029689.0,16405436.0,1812802.0,15546764.0,13.067052284718978,13.463288429807447,9.403810276695197,7.422211581849535,7.647277529481984,5.341454830698554,2018.0,1,6.0,2018
CO,2017,1079,1055,1200,169842.0,2371694.0,195337.0,2197742.0,6.352963342400584,7.0653901861730315,6.211655538677124,5.52378709614666,6.143229393304903,5.400922508280561,2023.0,0,-6.0,2023
CO,2018,1163,1119,1277,172548.0,2423817.0,201763.0,2255703.0,6.7401534645432,7.400839186777012,6.485151957716114,5.764188676813886,6.329208031204929,5.546111031259447,2023.0,0,-5.0,2023
CO,2019,1272,1186,1366,174258.0,2473192.0,207575.0,2308134.0,7.29952139930448,7.838951439819119,6.806000298408108,6.1279055762977235,6.580753944357461,5.713597494881369,2023.0,0,-4.0,2023
CO,2020,1291,1199,1422,175965.0,2510726.0,215069.0,2182001.0,7.336686272838349,8.081152501917995,6.81385502798852,6.002724706954512,6.611831551734559,5.574955014437227,2023.0,0,-3.0,2023
CO,2021,1502,1355,1610,179827.0,2416632.0,226013.0,2278967.0,8.352472098183254,8.953049319623862,7.535019769000206,6.645635428050599,7.123484047377806,5.995230362855234,2023.0,0,-2.0,2023
CO,2022,1865,1623,1946,181963.0,2481196.0,241934.0,2384337.0,10.249336403554569,10.694481845210289,8.919395701323895,7.708713946778874,8.043516000231469,6.708441145105691,2023.0,0,-1.0,2023
CO,2023,3116,2760,3216,182486.0,2566040.0,254977.0,2432875.0,17.075282487423692,17.62326973028068,15.124447902852822,12.220710103264215,12.612902340211079,10.824505739733388,2023.0,1,0.0,2023
CO,2024,2023,1426,2121,182486.0,2566040.0,246252.0,2436000.0,11.085781922996834,11.62280942099668,7.814298083140623,8.215161704270422,8.613128015203937,5.790815912155028,2023.0,1,1.0,2023
CT,2017,611,589,659,89574.0,1536858.0,115224.0,1442388.0,6.8211757876169425,7.357045571259517,6.575568803447429,5.302714712212733,5.7192945914045685,5.111782267583143,2022.0,0,-5.0,2022
CT,2018,594,570,665,89054.0,1528867.0,117513.0,1449072.0,6.670110270173153,7.467379342870617,6.400610865317673,5.054759898904802,5.658948371669518,4.850527175716729,2022.0,0,-4.0,2022
CT,2019,645,620,704,88916.0,1538341.0,119643.0,1445817.0,7.25403751855684,7.917585136533357,6.972873273651537,5.391038339058699,5.8841720786005025,5.182083364676579,2022.0,0,-3.0,2022
CT,2020,597,563,680,88060.0,1551590.0,121578.0,1332441.0,6.779468544174426,7.722007722007723,6.393368158074041,4.910427873463949,5.593117175804833,4.630772014673708,2022.0,0,-2.0,2022
CT,2021,639,598,706,88509.0,1442204.0,127723.0,1378867.0,7.219604785953971,7.976589951304387,6.756375057903716,5.0030143357108745,5.527587043837054,4.682007156111272,2022.0,0,-1.0,2022
CT,2022,774,674,824,89293.0,1508634.0,136171.0,1426728.0,8.668092683637015,9.228046991365504,7.548184068180037,5.684029639203649,6.051215016413186,4.949658884784572,2022.0,1,0.0,2022
CT,2023,1305,1163,1359,89234.0,1536698.0,143973.0,1448352.0,14.624470493309726,15.229620996481163,13.033148799784835,9.064199537413264,9.439269863099332,8.07790349579435,2022.0,1,1.0,2022
CT,2024,819,601,863,89234.0,1536698.0,145501.0,1459801.0,9.178115964766793,9.671201559943519,6.735100970482104,5.628827293283208,5.931230713190975,4.13055580374018,2022.0,1,2.0,2022
DC,2017,232,224,259,23585.0,527004.0,39565.0,524773.0,9.836760652957388,10.981556073775705,9.497562009751961,5.863768482244407,6.5461898142297485,5.661569569063566,inf,0,,0
DC,2018,233,229,255,23751.0,539557.0,39325.0,534661.0,9.81011325838912,10.736390046734876,9.641699296871712,5.924984106802289,6.484424666242848,5.823267641449459,inf,0,,0
DC,2019,241,227,260,23993.0,528826.0,40332.0,539540.0,10.044596340599341,10.836493977410077,9.461092818738798,5.9754041455915905,6.446494098978479,5.628285232569672,inf,0,,0
DC,2020,256,237,282,24083.0,543174.0,42139.0,487302.0,10.629904912178715,11.709504629821865,9.840966656977951,6.075132300244428,6.692137924488004,5.6242435748356625,inf,0,,0
DC,2021,304,276,331,24089.0,483307.0,43992.0,485599.0,12.619867989538793,13.740711528083358,11.457511727344432,6.91034733587925,7.5240952900527365,6.2738679759956355,inf,0,,0
DC,2022,284,234,313,23874.0,527355.0,48172.0,514487.0,11.895786210940772,13.11049677473402,9.801457652676552,5.895540978161588,6.497550444241468,4.857593622851449,inf,0,,0
DC,2023,291,261,303,23801.0,558653.0,51124.0,525559.0,12.226377042981388,12.730557539599175,10.965925801436915,5.692042876144276,5.926766293717236,5.105234332211877,inf,0,,0
DC,2024,299,194,319,23801.0,558653.0,51860.0,524284.0,12.562497374059914,13.402798201756228,8.150918028654258,5.765522560740456,6.151176243733127,3.740840725028924,inf,0,,0
DE,2017,180,170,201,25452.0,400714.0,31370.0,379223.0,7.072135785007072,7.897218293257897,6.679239352506679,5.737966209754543,6.407395600892572,5.419190309212623,2024.0,0,-7.0,2024
DE,2018,196,189,217,25771.0,405809.0,32559.0,384332.0,7.605447984168251,8.420317411043422,7.3338248418765275,6.019840904204675,6.664823858226604,5.804846586197365,2024.0,0,-6.0,2024
DE,2019,217,202,230,26142.0,413410.0,33827.0,389170.0,8.300818606074516,8.798102670032897,7.727029301507153,6.414993939752269,6.799302332456322,5.971561178939901,2024.0,0,-5.0,2024
DE,2020,286,254,294,27472.0,422044.0,34647.0,364179.0,10.410599883517763,10.701805474665113,9.245777518928364,8.254682945132334,8.485583167373798,7.331082056166479,2024.0,0,-4.0,2024
DE,2021,314,274,334,28553.0,408714.0,36097.0,375307.0,10.997093125065668,11.697544916471124,9.596189542254756,8.698783832451449,9.252846496938803,7.590658503476743,2024.0,0,-3.0,2024
DE,2022,428,353,442,29195.0,424303.0,40175.0,392082.0,14.660044528172634,15.139578694982017,12.091111491693782,10.653391412570006,11.001866832607343,8.78655880522713,2024.0,0,-2.0,2024
DE,2023,419,353,434,29706.0,457635.0,42927.0,404157.0,14.104894634080658,14.609843129334141,11.883121254965326,9.760756633354298,10.110187061756005,8.223262748386796,2024.0,0,-1.0,2024
DE,2024,606,387,618,29706.0,457635.0,45178.0,409731.0,20.39991920824076,20.803878004443547,13.02767117753989,13.413608393465845,13.67922440125725,8.566116251272742,2024.0,1,0.0,2024
FL,2017,2871,2779,3269,557308.0,8385577.0,667411.0,7437388.0,5.151549950835086,5.865697244611597,4.986470676896797,4.301697155126302,4.898031347999958,4.163851060291185,inf,0,,0
FL,2018,3343,3254,3678,566894.0,8669611.0,684528.0,7635037.0,5.897046008601255,6.487985408206825,5.740050168109029,4.883657060047215,5.3730453684874835,4.753640464670546,inf,0,,0
FL,2019,3402,3249,3707,574512.0,8860042.0,711804.0,7808474.0,5.921547330604061,6.452432673294901,5.655234355418164,4.779405566700946,5.207894307983659,4.56445875550011,inf,0,,0
FL,2020,3291,3102,3598,591046.0,9084079.0,740522.0,7389890.0,5.568094530713346,6.0875126470697705,5.248322465594895,4.4441623611452465,4.858734784381828,4.188936993094061,inf,0,,0
FL,2021,3954,3672,4294,616961.0,8877389.0,792325.0,7811760.0,6.4088329732349365,6.959921291621351,5.951753838573264,4.9903764238159845,5.419493263496672,4.634461868551415,inf,0,,0
FL,2022,4287,3814,4740,633353.0,9628867.0,845932.0,8308654.0,6.768737181319107,7.483978129100201,6.02191826674856,5.067783226074909,5.603287261860292,4.508636628003196,inf,0,,0
FL,2023,4623,4159,5031,645575.0,9988508.0,873215.0,8599846.0,7.161057971575727,7.79305270495295,6.442318863029083,5.294228798176852,5.761467679781039,4.762859089685817,inf,0,,0
FL,2024,4732,3587,5105,645575.0,9988508.0,876034.0,8729175.0,7.32989970181621,7.9076792007125425,5.556287030941409,5.401616832223407,5.827399393174238,4.09458993600705,inf,0,,0
GA,2017,1246,1199,1467,233500.0,3888928.0,265558.0,3699460.0,5.3361884368308345,6.282655246252677,5.134903640256959,4.69200701918225,5.524216931894351,4.515021200641668,inf,0,,0
GA,2018,1330,1288,1533,235847.0,3975657.0,270541.0,3777824.0,5.639249174252799,6.499976679796648,5.461167621381658,4.916075567104432,5.66642394313616,4.7608310755116605,inf,0,,0
GA,2019,1347,1285,2964,239034.0,4040559.0,280279.0,3859728.0,5.635181605964005,12.39990963628605,5.375804278889196,4.805925524209805,10.575176877325807,4.58471737090542,inf,0,,0
GA,2020,1467,1375,2935,244668.0,4107151.0,301221.0,3663623.0,5.995880131443425,11.995847434073928,5.6198603822322495,4.870178374017748,9.743676569694676,4.564754781373145,inf,0,,0
GA,2021,1555,1436,2604,253729.0,4034309.0,328364.0,3838969.0,6.128586011059044,10.262918310480869,5.6595816796661005,4.735598299448173,7.930223776053404,4.373195600004873,inf,0,,0
GA,2022,1785,1591,2466,258377.0,4249362.0,370748.0,4062791.0,6.908509658367424,9.544193175089115,6.157668832752141,4.8145910429725856,6.651418213989016,4.291324565473043,inf,0,,0
GA,2023,1751,1551,2435,261320.0,4405730.0,378556.0,4147694.0,6.700596969233124,9.318077452931272,5.9352517985611515,4.625471528650979,6.432337619797335,4.097148110187132,inf,0,,0
GA,2024,1773,1313,2266,261320.0,4405730.0,383400.0,4183693.0,6.784784938007041,8.671360783713455,5.024491045461503,4.624413145539907,5.910276473656755,3.424621804903495,inf,0,,0
HI,2017,150,145,176,32800.0,544056.0,39172.0,531863.0,4.573170731707317,5.365853658536586,4.420731707317072,3.8292658021035435,4.493005207801491,3.7016236087000918,inf,0,,0
HI,2018,141,138,161,32952.0,551681.0,40274.0,536370.0,4.278951201747997,4.885894634620054,4.187909686817188,3.5010180265183495,3.997616328152158,3.426528281273278,inf,0,,0
HI,2019,137,134,161,32889.0,553206.0,42128.0,536507.0,4.165526467815988,4.895253732250905,4.0743105597616225,3.2519939232814283,3.821686289403722,3.1807823775161412,inf,0,,0
HI,2020,154,149,173,32627.0,549375.0,43885.0,442656.0,4.720017163698777,5.3023569436356395,4.566769853189077,3.509171698758118,3.9421214537997034,3.395237552694543,inf,0,,0
HI,2021,192,182,206,32488.0,469179.0,46101.0,470907.0,5.9098744151686775,6.340802757941394,5.602068456045309,4.164768660115833,4.4684497082492785,3.9478536257347994,inf,0,,0
HI,2022,170,157,185,32863.0,507390.0,50348.0,501744.0,5.172990901621884,5.6294312752944045,4.777409244439035,3.3764995630412327,3.674425995074283,3.118296655279256,inf,0,,0
HI,2023,186,163,200,32911.0,520043.0,54727.0,513450.0,5.651605846069703,6.076995533408283,4.95275135972775,3.39868803332907,3.654503261644161,2.978420158239991,inf,0,,0
HI,2024,313,223,316,32911.0,520043.0,57568.0,516956.0,9.510498009783962,9.601652942785087,6.775850019750235,5.4370483602001105,5.489160644802667,3.873679822123402,inf,0,,0
IA,2017,305,295,318,82685.0,1353681.0,95401.0,1301192.0,3.6886980709923205,3.8459212674608456,3.567757150631916,3.197031477657467,3.333298393098605,3.0922107734719764,inf,0,,0
IA,2018,288,285,312,82894.0,1364250.0,96660.0,1309819.0,3.474316597099911,3.76384298019157,3.4381257992134535,2.97951582867784,3.2278088144009933,2.9484792054624456,inf,0,,0
IA,2019,271,259,293,82770.0,1380747.0,97987.0,1312038.0,3.2741331400265796,3.5399299263018005,3.1291530747855503,2.7656729974384353,2.990192576566279,2.643207772459612,inf,0,,0
IA,2020,249,238,283,82440.0,1390551.0,98782.0,1242572.0,3.02037845705968,3.432799611838913,2.8869480834546337,2.520702152213966,2.864894413962058,2.4093458322366423,inf,0,,0
IA,2021,336,315,370,82997.0,1352146.0,100418.0,1269438.0,4.048339096593852,4.457992457558707,3.7953179030567368,3.3460136628891233,3.6845983787767134,3.1368878089585532,inf,0,,0
IA,2022,396,373,422,83560.0,1386299.0,104388.0,1297333.0,4.739109621828626,5.050263283867879,4.463858305409286,3.793539487297391,4.0426102617159065,3.5732076483887036,inf,0,,0
IA,2023,373,333,399,83321.0,1415652.0,104709.0,1312629.0,4.476662546056816,4.7887087288918755,3.9965914955413404,3.5622534834636945,3.810560696788242,3.1802423860413147,inf,0,,0
IA,2024,334,242,350,83321.0,1415652.0,105436.0,1315014.0,4.008593271804227,4.200621692010418,2.9044298556186314,3.1677984749042074,3.319549300049319,2.295231230319815,inf,0,,0
ID,2017,214,205,241,47574.0,578134.0,58421.0,589307.0,4.498255349560685,5.065792239458528,4.309076386261403,3.6630663631228493,4.125228941647696,3.5090121702812347,inf,0,,0
ID,2018,227,219,247,49267.0,597765.0,60875.0,611396.0,4.6075466336492985,5.013497878904744,4.445166135547121,3.7289527720739217,4.057494866529774,3.597535934291581,inf,0,,0
ID,2019,210,202,233,50547.0,616778.0,60643.0,631444.0,4.154549231408392,4.609571290086453,3.9962806892595006,3.4628893689296376,3.842158204574312,3.330969773922794,inf,0,,0
ID,2020,258,244,286,51957.0,637810.0,66608.0,629623.0,4.965644667705988,5.504551840945397,4.696191081086283,3.8734085995676195,4.29377852510209,3.6632236368003843,inf,0,,0
ID,2021,363,340,395,54864.0,645239.0,75772.0,670723.0,6.616360454943131,7.199620880723243,6.197142023913678,4.790687853032782,5.2130074433827795,4.487145647468721,inf,0,,0
ID,2022,371,321,388,57209.0,689589.0,84171.0,699084.0,6.484993619884984,6.782149661766506,5.611005261409917,4.40769386130615,4.609663660880826,3.813665039027694,inf,0,,0
ID,2023,310,266,330,58100.0,709721.0,90972.0,717715.0,5.335628227194492,5.679862306368331,4.578313253012048,3.4076419117970365,3.6274897770742647,2.923976608187134,inf,0,,0
ID,2024,348,236,366,58100.0,709721.0,99957.0,734589.0,5.989672977624784,6.29948364888124,4.061962134251291,3.4814970437288033,3.6615744770251206,2.361015236551717,inf,0,,0
IL,2017,1490,1426,1710,321135.0,5497629.0,353360.0,5153355.0,4.6397932333753715,5.324863375216031,4.440500101203543,4.216662893366538,4.839257414534752,4.035544487208512,2018.0,0,-1.0,2018
IL,2018,1495,1445,1661,320965.0,5524630.0,358529.0,5193821.0,4.657828735220351,5.1750190830775935,4.502048509962146,4.169816109714974,4.632819102499379,4.0303573769485865,2018.0,1,0.0,2018
IL,2019,1824,1733,1995,320417.0,5530388.0,365816.0,5211856.0,5.692581854271153,6.226261403109073,5.408576948164423,4.986113237255888,5.453561353248627,4.7373542983357755,2018.0,1,1.0,2018
IL,2020,1586,1500,1837,318689.0,5545538.0,368119.0,4822542.0,4.976638666536968,5.764240372275165,4.706783102021093,4.308389406686425,4.990234136243986,4.07476930014479,2018.0,1,2.0,2018
IL,2021,1851,1688,2085,320795.0,5270871.0,378265.0,4948150.0,5.770040056734051,6.499477859692327,5.261927399117816,4.8933948422402285,5.512008776915655,4.462480007402218,2018.0,1,3.0,2018
IL,2022,2196,1966,2348,322349.0,5533883.0,387675.0,5161095.0,6.812492050541493,7.284030662418683,6.098979677306273,5.6645385954730125,6.0566195911523835,5.071258141484491,2018.0,1,4.0,2018
IL,2023,3121,2816,3264,322415.0,5661761.0,390497.0,5235077.0,9.680070716312827,10.123598467813222,8.734084952623173,7.992378942731954,8.35857893914678,7.211323006322711,2018.0,1,5.0,2018
IL,2024,2829,2167,2962,322415.0,5661761.0,387954.0,5236228.0,8.774405657305026,9.186917482127072,6.721151311198301,7.292101640916191,7.634925790171,5.585713770189249,2018.0,1,6.0,2018
IN,2017,617,597,760,148377.0,2779124.0,159129.0,2627391.0,4.158326425254588,5.122087655094792,4.023534644857357,3.877357364151097,4.775999346442195,3.7516731708236715,inf,0,,0
IN,2018,584,573,683,148304.0,2816081.0,162027.0,2659130.0,3.9378573740425074,4.605405113820261,3.8636854029560905,3.6043375486801583,4.215346824911897,3.5364476290988542,inf,0,,0
IN,2019,587,571,774,148917.0,2834056.0,163270.0,2685388.0,3.941793079366359,5.19752613872157,3.8343506785659125,3.595271635940467,4.740613707355914,3.4972744533594655,inf,0,,0
IN,2020,586,545,1087,148724.0,2821903.0,166967.0,2535558.0,3.9401845028374707,7.308840536833329,3.664506064925634,3.509675564632532,6.5102684961699016,3.2641180592572185,inf,0,,0
IN,2021,748,689,1304,150912.0,2754576.0,173054.0,2631157.0,4.956530958439355,8.640797285835452,4.565574639525021,4.322350249055208,7.535220220278064,3.9814162053463082,inf,0,,0
IN,2022,766,697,1096,153748.0,2875908.0,180517.0,2733492.0,4.982178629965918,7.128548013632698,4.533392304290137,4.243367660663538,6.071450334317543,3.8611321925358832,inf,0,,0
IN,2023,805,727,1043,155692.0,2924989.0,184108.0,2767985.0,5.170464763764355,6.6991239113120775,4.669475631374765,4.372433571599278,5.665153062332978,3.9487692006865536,inf,0,,0
IN,2024,845,648,1047,155692.0,2924989.0,186716.0,2780349.0,5.427382267553888,6.724815661691031,4.162063561390437,4.52558966558838,5.6074466033976735,3.470511364853574,inf,0,,0
KS,2017,281,269,331,74947.0,1199162.0,83794.0,1129926.0,3.7493161834362954,4.41645429436802,3.589203036812681,3.353462061722796,3.9501634961930447,3.210253717449937,inf,0,,0
KS,2018,316,311,348,74559.0,1203434.0,83788.0,1139242.0,4.238254268431712,4.667444574095682,4.171193283171716,3.7714231154819307,4.15333938034086,3.711748699097723,inf,0,,0
KS,2019,291,274,328,74292.0,1209318.0,82580.0,1147159.0,3.9169762558552734,4.415011037527594,3.6881494642761,3.5238556551223055,3.9719060305158633,3.3179946718333735,inf,0,,0
KS,2020,287,279,355,73982.0,1207003.0,82704.0,1091219.0,3.8793219972425725,4.798464491362764,3.771187586169609,3.4702070032888375,4.292416328109886,3.373476494486361,inf,0,,0
KS,2021,371,338,439,75057.0,1188432.0,85261.0,1114826.0,4.942910055024847,5.848888178317812,4.5032442010738505,4.35134469452622,5.14889574365771,3.964297861859467,inf,0,,0
KS,2022,403,362,435,75991.0,1225232.0,88348.0,1151446.0,5.303259596531168,5.724362095511311,4.76372201971286,4.5615067686874635,4.923710780096889,4.097432879069136,inf,0,,0
KS,2023,375,337,407,76139.0,1248825.0,91548.0,1174143.0,4.925202589999868,5.3454865443465245,4.426115394213215,4.096211823305807,4.445755232227903,3.681129025210818,inf,0,,0
KS,2024,353,266,372,76139.0,1248825.0,94959.0,1182582.0,4.636257371386543,4.88580096927987,3.4936103705065737,3.717393822597121,3.9174801756547564,2.8012089428068956,inf,0,,0
KY,2017,348,343,398,91241.0,1625006.0,115652.0,1580021.0,3.8140748128582542,4.362074067579268,3.759274887386153,3.009027081243731,3.441358558433923,2.965793933524712,inf,0,,0
KY,2018,298,290,346,91079.0,1642234.0,116519.0,1592256.0,3.271884847220545,3.7988998561688203,3.1840490123958323,2.55752280743913,2.9694727898454327,2.4888644770380797,inf,0,,0
KY,2019,336,323,591,91219.0,1666637.0,117176.0,1606510.0,3.6834431423278047,6.478913384273013,3.540928973130598,2.8674813955076126,5.043694954598211,2.756537174848092,inf,0,,0
KY,2020,306,288,1502,90922.0,1666427.0,121622.0,1511919.0,3.3655220958623877,16.519654209102306,3.1675502078704825,2.515992172468797,12.349739356366447,2.367992632911809,inf,0,,0
KY,2021,336,319,1177,92130.0,1617040.0,128238.0,1580042.0,3.6470205144903938,12.775426028438076,3.4624986432215348,2.620128199129743,9.178246697546749,2.487562189054726,inf,0,,0
KY,2022,376,342,1006,93549.0,1667694.0,137021.0,1640191.0,4.01928401158751,10.75372264802403,3.6558381169226823,2.744104918224214,7.341940286525423,2.4959677713635138,inf,0,,0
KY,2023,394,349,1013,94402.0,1708602.0,146057.0,1680021.0,4.17364038897481,10.730704857947925,3.6969555729751487,2.6975769733734087,6.935648411236709,2.389478080475431,inf,0,,0
KY,2024,375,278,1068,94402.0,1708602.0,152232.0,1693939.0,3.9723734666638415,11.313319633058622,2.944852863286795,2.463345420148195,7.015607756582059,1.8261600714698618,inf,0,,0
LA,2017,354,341,401,106599.0,1688674.0,124638.0,1598324.0,3.3208566684490477,3.7617613673674235,3.198904304918433,2.840225292446926,3.217317351048637,2.735923233684751,inf,0,,0
LA,2018,387,377,431,106359.0,1691552.0,126194.0,1612079.0,3.6386201449806785,4.05231339143843,3.544598952603917,3.0667068164888978,3.415376325340349,2.9874637462953864,inf,0,,0
LA,2019,381,362,425,106302.0,1719561.0,128870.0,1612743.0,3.5841282384150817,3.998043310568004,3.405392184530865,2.956467758205944,3.297897105610305,2.809032358190424,inf,0,,0
LA,2020,348,333,384,106230.0,1703353.0,132434.0,1479871.0,3.275910759672409,3.61479807963852,3.1347077096865292,2.6277239983689986,2.899557515441654,2.5144600329220594,inf,0,,0
LA,2021,444,417,475,107464.0,1592665.0,137287.0,1520908.0,4.131616169135711,4.42008486562942,3.880369239931512,3.234100825278431,3.459905162178502,3.037432531849338,inf,0,,0
LA,2022,489,445,524,108161.0,1644036.0,143196.0,1571606.0,4.521038082118324,4.844629764887529,4.11423710949418,3.41489985753792,3.6593200927400207,3.107628704712422,inf,0,,0
LA,2023,498,434,526,108561.0,1697330.0,148103.0,1594324.0,4.587282725840772,4.845202236530614,3.9977524156925597,3.3625247294112883,3.5515823447195536,2.9303930372781104,inf,0,,0
LA,2024,468,354,496,108561.0,1697330.0,149265.0,1615842.0,4.3109403929587975,4.56885990364864,3.2608395280072955,3.1353632800723545,3.322949117341641,2.3716209426188324,inf,0,,0
MA,2017,1629,1559,1731,179828.0,3316716.0,245399.0,3115338.0,9.058656049113598,9.625864715172275,8.669395199857643,6.638168859693804,7.05381847521791,6.35291912354981,inf,0,,0
MA,2018,1812,1759,1910,180307.0,3323852.0,249913.0,3156298.0,10.049526640673962,10.593044085920125,9.755583532530629,7.25052318206736,7.642659645556654,7.038449380384374,inf,0,,0
MA,2019,1807,1698,1900,181061.0,3386372.0,253655.0,3204634.0,9.98006196806601,10.493701017888998,9.378054909671325,7.123849322899213,7.490489050087717,6.694131793183655,inf,0,,0
MA,2020,1756,1633,1843,179456.0,3390833.0,255460.0,2907984.0,9.78512838801712,10.269926890156919,9.099723609129814,6.873874579190479,7.214436702419166,6.392390198074063,inf,0,,0
MA,2021,1715,1573,1793,180088.0,3175568.0,269214.0,3039122.0,9.523122029230155,9.956243614233042,8.734618630891564,6.370396784714019,6.6601291166135494,5.84293535997385,inf,0,,0
MA,2022,1688,1484,1766,182919.0,3396919.0,282469.0,3168350.0,9.228128297224453,9.654546547925586,8.1128805646215,5.975876998891914,6.252013495286208,5.253673854476067,inf,0,,0
MA,2023,1633,1437,1712,183767.0,3487228.0,284573.0,3200846.0,8.886252700430436,9.31614490087992,7.819684709441848,5.738422127187049,6.016031035973195,5.0496709104518,inf,0,,0
MA,2024,1716,1210,1770,183767.0,3487228.0,276202.0,3198628.0,9.337911594573564,9.631761959437766,6.584424842327513,6.21284422270657,6.4083533066378955,4.380851695498222,inf,0,,0
MD,2017,963,941,1060,139446.0,2335479.0,168653.0,2167072.0,6.905899057699755,7.601508827789969,6.748131893349397,5.709948829845897,6.28509424676703,5.579503477554505,2022.0,0,-5.0,2022
MD,2018,961,933,1042,139497.0,2366053.0,169835.0,2188298.0,6.889037040223088,7.469694688774669,6.688315877760812,5.658433185150293,6.135366679424147,5.493567285895134,2022.0,0,-4.0,2022
MD,2019,1005,969,1094,139449.0,2380865.0,172619.0,2207512.0,7.206935869027387,7.845162030563145,6.948776972226406,5.822070571605675,6.337656920732943,5.613518789936218,2022.0,0,-3.0,2022
MD,2020,975,918,1050,139734.0,2405968.0,171263.0,2031687.0,6.9775430460732535,7.514277126540427,6.569625144918201,5.692998487706043,6.130921448298815,5.360177037655536,2022.0,0,-2.0,2022
MD,2021,1199,1107,1259,141217.0,2283019.0,173076.0,2099419.0,8.490479191598746,8.915357216199183,7.838999553878074,6.92759250271557,7.274261018280987,6.3960341121819315,2022.0,0,-1.0,2022
MD,2022,1399,1257,1455,142481.0,2436501.0,185715.0,2156462.0,9.818853040054464,10.21188790084292,8.82222892876945,7.533047949815578,7.834585251595185,6.768435506017284,2022.0,1,0.0,2022
MD,2023,1625,1451,1666,142967.0,2468367.0,186364.0,2191362.0,11.366259346562494,11.653038813152685,10.149195268838264,8.719495181472817,8.939494752205361,7.78583846665665,2022.0,1,1.0,2022
MD,2024,1662,1256,1716,142967.0,2468367.0,192176.0,2238248.0,11.6250603286073,12.002769869969994,8.785244147250765,8.64832237115977,8.929314794771459,6.535675630671884,2022.0,1,2.0,2022
ME,2017,199,198,213,41622.0,513745.0,50873.0,513363.0,4.781125366392772,5.117485944932969,4.75709961078276,3.911701688518467,4.186896782183084,3.8920448961138523,2024.0,0,-7.0,2024
ME,2018,182,175,192,41727.0,516240.0,49812.0,518990.0,4.361684281160879,4.601337263642246,4.193927193423922,3.653738055087128,3.854492893278728,3.5132096683530074,2024.0,0,-6.0,2024
ME,2019,176,168,188,41843.0,522191.0,50458.0,524449.0,4.206199364290323,4.4929856845828455,4.015008484095309,3.4880494668833486,3.725871021443577,3.3295017638431963,2024.0,0,-5.0,2024
ME,2020,173,169,184,41646.0,520969.0,51243.0,489372.0,4.154060413965326,4.418191422945781,4.0580127743360705,3.376070877973577,3.5907343442031108,3.298011435708292,2024.0,0,-4.0,2024
ME,2021,253,236,270,42519.0,504710.0,55055.0,515127.0,5.950281050824338,6.350102307203839,5.550459794444836,4.595404595404595,4.90418672236854,4.28662246844065,2024.0,0,-3.0,2024
ME,2022,246,218,260,43185.0,533151.0,58994.0,530043.0,5.696422368878083,6.020609007757323,5.048049091119602,4.169915584635726,4.407227853680035,3.6952910465471063,2024.0,0,-2.0,2024
ME,2023,295,262,310,43345.0,548469.0,60972.0,540991.0,6.80585996077979,7.151920636751644,6.044526473641712,4.8382864265564525,5.084300990618645,4.297054385619629,2024.0,0,-1.0,2024
ME,2024,471,362,483,43345.0,548469.0,62343.0,548061.0,10.866305225516207,11.14315376629369,8.351597646787404,7.554978104999759,7.747461623598479,5.8065861443947195,2024.0,1,0.0,2024
MI,2017,1192,1160,1324,222553.0,3859949.0,237389.0,3734432.0,5.356027552987379,5.949144698116854,5.212241578410536,5.021294162745535,5.577343516338162,4.886494319450353,inf,0,,0
MI,2018,1206,1168,1294,222656.0,3947891.0,240953.0,3776481.0,5.416427134233976,5.811655648174763,5.245760275941362,5.005125480902914,5.370341933904122,4.847418376197848,inf,0,,0
MI,2019,1136,1082,1263,222226.0,3978872.0,253967.0,3790764.0,5.111913097477343,5.683403382142504,4.868917228407118,4.473022085546547,4.9730870546173325,4.260396035705426,inf,0,,0
MI,2020,1108,1040,1204,221060.0,4000120.0,259470.0,3426882.0,5.0122138785849994,5.446485117162761,4.704605084592418,4.270243188037153,4.640228157397773,4.008170501406714,inf,0,,0
MI,2021,1407,1325,1505,224676.0,3768321.0,264942.0,3594670.0,6.262351118944614,6.698534778970607,5.897381117698375,5.310596281450279,5.680488559760249,5.001094579190918,inf,0,,0
MI,2022,1509,1365,1608,227870.0,3939076.0,287758.0,3749727.0,6.622196866634485,7.056655110369948,5.990257603019265,5.2439897413799095,5.58802882978058,4.743569249160753,inf,0,,0
MI,2023,1396,1222,1502,229564.0,4041074.0,315870.0,3815843.0,6.081092854280287,6.542837727169766,5.323134289348504,4.419539684047235,4.755120777535062,3.8686801532275936,inf,0,,0
MI,2024,1414,1040,1494,229564.0,4041074.0,292907.0,3824885.0,6.159502360997369,6.507989057517729,4.530327054764685,4.827470835452892,5.100595069424767,3.550615041634375,inf,0,,0
MN,2017,872,847,954,151816.0,2685047.0,160983.0,2473604.0,5.743795120408916,6.283922643199663,5.579122095167835,5.41672102023195,5.926091574886789,5.261425119422547,inf,0,,0
MN,2018,839,809,914,151595.0,2729492.0,168785.0,2498328.0,5.5344833272865195,6.029222599689963,5.336587618325142,4.970820866783186,5.415173149272743,4.7930799537873625,inf,0,,0
MN,2019,818,781,891,151495.0,2729420.0,171592.0,2516107.0,5.399518135912077,5.881382223835771,5.155285652991848,4.767122010350133,5.19254976922001,4.551494242155812,inf,0,,0
MN,2020,767,720,823,150819.0,2738254.0,175163.0,2339149.0,5.085566142196938,5.456872144756297,4.7739343186203325,4.378778623339405,4.698480843557144,4.110457117085229,inf,0,,0
MN,2021,934,876,1004,152836.0,2627416.0,178933.0,2410401.0,6.1111256510246275,6.5691329267973515,5.731633908241514,5.219830886421175,5.611038768701134,4.895687212532065,inf,0,,0
MN,2022,1058,944,1105,154314.0,2732522.0,193074.0,2483988.0,6.856150446492218,7.160724237593478,6.117396995735967,5.479764235474481,5.723194215689322,4.889317049421465,inf,0,,0
MN,2023,939,823,1009,154455.0,2803410.0,201471.0,2525724.0,6.079440613771001,6.532647049302386,5.328412806318993,4.660720401447355,5.008164946816167,4.08495515483618,inf,0,,0
MN,2024,1311,1029,1371,154455.0,2803410.0,205850.0,2541147.0,8.487909099737788,8.876371758764689,6.662134602311353,6.368715083798882,6.660189458343454,4.998785523439397,inf,0,,0
MO,2017,554,541,665,150882.0,2517204.0,195618.0,2366305.0,3.671743481661166,4.407417717156453,3.5855834360626186,2.8320502203273725,3.3994826651944097,2.765594168225828,inf,0,,0
MO,2018,558,541,1115,153710.0,2533694.0,191036.0,2381261.0,3.630212738273372,7.253919718951272,3.519614859150348,2.920915429552545,5.836596243639942,2.8319269666450304,inf,0,,0
MO,2019,568,539,1328,151816.0,2547310.0,199367.0,2399573.0,3.7413711334773674,8.747431100806239,3.550350424197713,2.8490171392457126,6.661082325560399,2.7035567571363366,inf,0,,0
MO,2020,595,556,1599,150761.0,2566786.0,207760.0,2274758.0,3.946644025974887,10.606191256359404,3.6879564343563653,2.8638814016172507,7.69638043896804,2.6761648055448597,inf,0,,0
MO,2021,651,602,1603,152286.0,2478144.0,210658.0,2343799.0,4.27485126669556,10.526246667454657,3.9530882681270767,3.090317006712301,7.609490263839968,2.8577125008307305,inf,0,,0
MO,2022,674,602,1350,153767.0,2564383.0,224172.0,2424908.0,4.383255184792576,8.779517061528157,3.9150142748444074,3.0066199168495618,6.022161554520636,2.6854379672751283,inf,0,,0
MO,2023,733,645,1355,151475.0,2631543.0,237209.0,2470993.0,4.839082356824559,8.945370523188645,4.258128404027067,3.090101977580952,5.712262182294938,2.7191211126053396,inf,0,,0
MO,2024,664,484,1128,151475.0,2631543.0,233602.0,2482938.0,4.383561643835616,7.446773394949662,3.1952467403862026,2.8424414174536174,4.828725781457351,2.0719000693487213,inf,0,,0
MS,2017,118,116,140,59294.0,939485.0,69163.0,894142.0,1.9900833136573683,2.3611157958646745,1.9563530880021587,1.7061145410118128,2.0242036927258793,1.677197345401443,inf,0,,0
MS,2018,138,134,155,59271.0,944890.0,69895.0,897893.0,2.328288707799767,2.6151068819490138,2.26080207858818,1.9743901566635667,2.2176121324844407,1.91716145647042,inf,0,,0
MS,2019,128,120,144,59130.0,958126.0,69812.0,901829.0,2.164721799424996,2.4353120243531206,2.0294266869609334,1.8334956740961441,2.062682633358162,1.718902194465135,inf,0,,0
MS,2020,123,112,148,58897.0,949927.0,70473.0,860833.0,2.088391598892983,2.5128614360663533,1.9016248705366996,1.7453492827040142,2.100095071871497,1.589261135470322,inf,0,,0
MS,2021,171,160,196,59805.0,930852.0,72415.0,890583.0,2.8592927012791574,3.2773179500041802,2.675361591840147,2.361389214941656,2.706621556307395,2.2094869847407304,inf,0,,0
MS,2022,184,154,204,60469.0,944580.0,77261.0,919857.0,3.0428814764590117,3.373629463030644,2.5467594966015645,2.3815379039877818,2.6404007196386274,1.993243680511513,inf,0,,0
MS,2023,155,136,164,60465.0,956079.0,82654.0,932127.0,2.5634664682047466,2.7123129082940545,2.2492350946828745,1.8752873424153702,1.9841749945556175,1.6454134101192925,inf,0,,0
MS,2024,189,130,197,60465.0,956079.0,85365.0,936506.0,3.1257752418754654,3.2580831886215167,2.150004134623336,2.214022140221402,2.3077373630879165,1.5228723715808588,inf,0,,0
MT,2017,141,136,157,38192.0,376565.0,46568.0,375506.0,3.6918726434855467,4.110808546292417,3.5609551738583995,3.0278302697131076,3.371413846418141,2.9204604019927847,inf,0,,0
MT,2018,124,117,135,38720.0,371239.0,47900.0,381664.0,3.2024793388429753,3.4865702479338845,3.021694214876033,2.5887265135699375,2.8183716075156577,2.44258872651357,inf,0,,0
MT,2019,119,115,135,38959.0,375176.0,47906.0,386894.0,3.0544931851433557,3.4651813444903614,2.9518211453066043,2.48403122782115,2.818018619797103,2.4005343798271617,inf,0,,0
MT,2020,155,143,167,39505.0,377638.0,50347.0,374233.0,3.9235539805087964,4.227312998354639,3.619794962662954,3.0786342781099174,3.316980157705524,2.8402883985143106,inf,0,,0
MT,2021,192,173,200,40716.0,380268.0,52928.0,395464.0,4.715590922487474,4.912073877591119,4.248943904116318,3.6275695284159615,3.7787182587666264,3.268591293833132,inf,0,,0
MT,2022,249,227,254,42015.0,398871.0,57863.0,413058.0,5.9264548375580155,6.045459954778056,5.402832321789837,4.303268064220659,4.389679069526295,3.9230596408758625,inf,0,,0
MT,2023,215,190,223,42566.0,409312.0,63578.0,421886.0,5.0509796551238075,5.23892308415167,4.463656439411737,3.381672905722105,3.507502595237346,2.9884551259869765,inf,0,,0
MT,2024,224,159,237,42566.0,409312.0,61654.0,426650.0,5.262416012780154,5.567824084950431,3.7353756519287695,3.6331787069776493,3.844032828364745,2.5789081000421707,inf,0,,0
NC,2017,1156,1119,1292,233363.0,3774377.0,265389.0,3633435.0,4.953655892322262,5.536438938477822,4.7951046224122935,4.35587006243665,4.868325363899785,4.216452076009179,inf,0,,0
NC,2018,1241,1207,1371,234948.0,3848565.0,270234.0,3710090.0,5.282019851201118,5.8353337759844734,5.137306978565469,4.5923162888459625,5.073380847709762,4.466499404220046,inf,0,,0
NC,2019,1323,1265,1460,238015.0,3932620.0,278786.0,3793234.0,5.558473205470244,6.134067180639875,5.314791084595509,4.745575459312878,5.236991814510054,4.537530579010424,inf,0,,0
NC,2020,1246,1176,1472,240760.0,3962754.0,290448.0,3632182.0,5.175278285429473,6.113972420667885,4.88453231433793,4.289924530380653,5.0680328320387815,4.048917534291853,inf,0,,0
NC,2021,1481,1347,1640,247458.0,3903814.0,307240.0,3828857.0,5.984853995425486,6.627387273799998,5.443347962078413,4.820335893763833,5.337846634552792,4.384194766306471,inf,0,,0
NC,2022,1631,1440,1752,254636.0,4106761.0,339053.0,4018296.0,6.405221571183965,6.880409682841389,5.655131246171004,4.8104573621233255,5.167333720686736,4.2471236060438935,inf,0,,0
NC,2023,1661,1470,1775,258169.0,4279425.0,366799.0,4133598.0,6.433770127319701,6.875341346172468,5.693944664154101,4.5283656716621365,4.839162593136841,4.007644513752764,inf,0,,0
NC,2024,1830,1337,1942,258169.0,4279425.0,368542.0,4184582.0,7.0883800921102065,7.522204447474329,5.178778242159206,4.965512750242849,5.269412984137493,3.6278090421173164,inf,0,,0
ND,2017,57,57,61,24596.0,340521.0,29849.0,343190.0,2.3174499918685965,2.48007806147341,2.3174499918685965,1.9096117122851686,2.043619551743777,1.9096117122851686,inf,0,,0
ND,2018,84,82,88,24566.0,346155.0,29879.0,346756.0,3.419360091182936,3.582186762191647,3.3379467556785802,2.8113390675725425,2.9452123565045687,2.74440242310653,inf,0,,0
ND,2019,83,79,93,24654.0,353333.0,29844.0,351482.0,3.3665936562018337,3.7722073497201265,3.204348178794516,2.781128535048921,3.116204262163249,2.64709824420319,inf,0,,0
ND,2020,79,79,84,24510.0,355103.0,30337.0,326357.0,3.223174214606283,3.427172582619339,3.223174214606283,2.6040808253947327,2.768896067508323,2.6040808253947327,inf,0,,0
ND,2021,92,85,100,24816.0,332684.0,30763.0,329050.0,3.7072856221792394,4.029658284977434,3.4252095422308186,2.990605597633521,3.250658258297305,2.7630595195527095,inf,0,,0
ND,2022,91,80,102,25098.0,342345.0,32060.0,339203.0,3.625786915292055,4.064068850107579,3.1875049804765316,2.8384279475982535,3.1815346225826575,2.495321272613849,inf,0,,0
ND,2023,125,112,134,25402.0,352108.0,33394.0,348290.0,4.920872372254154,5.275175183056452,4.409101645539721,3.7431873989339404,4.012696891657185,3.3538959094448106,inf,0,,0
ND,2024,108,80,112,25402.0,352108.0,34330.0,354071.0,4.251633729627589,4.409101645539721,3.149358318242658,3.145936498689193,3.262452665307311,2.330323332362365,inf,0,,0
NE,2017,219,208,246,54954.0,833472.0,68649.0,811496.0,3.9851512173818104,4.476471230483678,3.7849838046366053,3.1901411528208716,3.583446226456321,3.029905752450873,inf,0,,0
NE,2018,184,177,216,54875.0,845616.0,67975.0,816876.0,3.353075170842825,3.93621867881549,3.225512528473804,2.706877528503126,3.177638837808018,2.6038984920926813,inf,0,,0
NE,2019,191,183,220,54939.0,856242.0,67729.0,821384.0,3.4765831194597645,4.004441289430096,3.3309670725713976,2.820062307135791,3.248239306648555,2.701944514166753,inf,0,,0
NE,2020,197,187,293,54791.0,866139.0,66721.0,790415.0,3.5954810096548706,5.347593582887701,3.4129692832764507,2.9525936361865077,4.391420991891608,2.802715786633893,inf,0,,0
NE,2021,254,247,420,55542.0,851783.0,71482.0,806993.0,4.573115840265025,7.561845090202009,4.447085088761658,3.553342100109118,5.875605047424527,3.45541534931871,inf,0,,0
NE,2022,305,275,336,56319.0,890050.0,73799.0,824945.0,5.415579111845026,5.966015021573536,4.882899199204531,4.132847328554587,4.552907220965054,3.726337755254136,inf,0,,0
NE,2023,289,264,316,56503.0,923066.0,73402.0,845599.0,5.1147726669380384,5.592623400527406,4.6723182839849215,3.9372224190076563,4.305059807634669,3.596632244353015,inf,0,,0
NE,2024,308,227,324,56503.0,923066.0,73388.0,853147.0,5.451037997982408,5.734208803072403,4.017485797214307,4.196871423120946,4.414890717828528,3.0931487436638143,inf,0,,0
NH,2017,249,240,272,38371.0,603923.0,49348.0,569014.0,6.4892757551275695,7.08868676865341,6.2547236194000675,5.045797195428387,5.511874848018157,4.863418983545432,inf,0,,0
NH,2018,243,234,261,38375.0,612420.0,50054.0,574083.0,6.332247557003257,6.801302931596092,6.09771986970684,4.854756862588404,5.214368482039397,4.674951052862908,inf,0,,0
NH,2019,279,269,290,38494.0,620164.0,51110.0,580340.0,7.247882786927833,7.533641606484127,6.988102041876656,5.458814322050479,5.674036392095481,5.263157894736842,inf,0,,0
NH,2020,266,254,288,38350.0,621263.0,52709.0,542934.0,6.936114732724903,7.509778357235985,6.6232073011734025,5.046576485989109,5.463962511146104,4.8189113813580216,inf,0,,0
NH,2021,328,305,353,38825.0,586840.0,56083.0,567902.0,8.448164842240825,9.092079845460399,7.8557630392788145,5.848474582315497,6.294242462065154,5.438368132945812,inf,0,,0
NH,2022,313,277,320,39348.0,615249.0,59864.0,589213.0,7.954660973874149,8.132560740063028,7.0397478906170585,5.228517974074569,5.345449685954831,4.627154884404651,inf,0,,0
NH,2023,296,260,322,39298.0,628166.0,62555.0,600374.0,7.53218993332994,8.19380121125757,6.616112779276299,4.731835984333786,5.147470226200943,4.156342418671569,inf,0,,0
NH,2024,328,237,347,39298.0,628166.0,64226.0,604412.0,8.346480736933177,8.8299659015726,6.030841264186472,5.106966026219911,5.402796375299723,3.6900943543113383,inf,0,,0
NJ,2017,1665,1608,1871,233907.0,3679443.0,259703.0,3435139.0,7.1182136490143515,7.998905547931442,6.874527055624672,6.411169682290924,7.204383468808601,6.191688197671956,2024.0,0,-7.0,2024
NJ,2018,1790,1733,1998,233806.0,3739076.0,263159.0,3472611.0,7.655919865187377,8.545546307622558,7.4121280035585055,6.801971431719987,7.592368112053929,6.585372341436166,2024.0,0,-6.0,2024
NJ,2019,1702,1630,1861,233888.0,3805357.0,271550.0,3510701.0,7.276987275961144,7.956799835818854,6.969147626214256,6.267722334744983,6.853249861903885,6.002577794144725,2024.0,0,-5.0,2024
NJ,2020,1587,1491,1795,232761.0,3819722.0,277684.0,3205532.0,6.8181525255519615,7.71177302039431,6.405712297163185,5.71512942769479,6.464182307947163,5.369412713732157,2024.0,0,-4.0,2024
NJ,2021,1910,1781,2102,233950.0,3570543.0,291231.0,3384067.0,8.164137636247062,8.984825817482369,7.61273776447959,6.558367756179803,7.217638232193688,6.115420405107973,2024.0,0,-3.0,2024
NJ,2022,2236,2051,2375,237499.0,3813702.0,307423.0,3581671.0,9.414776483269403,10.000042105440443,8.635825835056147,7.273366013603407,7.725511754162831,6.671589308542301,2024.0,0,-2.0,2024
NJ,2023,2001,1827,2119,237968.0,3945019.0,313888.0,3648355.0,8.408693605862974,8.904558596113763,7.677502857527062,6.374885309409725,6.750815577530839,5.820547456417575,2024.0,0,-1.0,2024
NJ,2024,2129,1722,2241,237968.0,3945019.0,320477.0,3678973.0,8.946581052914679,9.41723256908492,7.236267061117461,6.6432224465406255,6.992701504320123,5.3732405133597725,2024.0,1,0.0,2024
NM,2017,150,143,163,44039.0,626466.0,53995.0,633035.0,3.4060718908240424,3.7012647880287926,3.247121869252254,2.778035003241041,3.0187980368552645,2.6483933697564592,inf,0,,0
NM,2018,160,160,175,43830.0,631393.0,56219.0,645435.0,3.650467716176135,3.9926990645676477,3.650467716176135,2.8460129137835963,3.1128266244508085,2.8460129137835963,inf,0,,0
NM,2019,170,165,190,43804.0,644537.0,58802.0,658241.0,3.880924116519039,4.337503424344809,3.766779289562597,2.8910581272745826,3.231182612836298,2.8060270058841534,inf,0,,0
NM,2020,188,178,203,43587.0,651756.0,59515.0,609323.0,4.313212655149472,4.657351962741184,4.083786450088329,3.1588675123918337,3.4109048139124587,2.990842644711417,inf,0,,0
NM,2021,178,169,188,43953.0,606085.0,60595.0,627202.0,4.0497804472959755,4.277296202762042,3.8450162673765163,2.9375361003383116,3.102566218334846,2.789008994141431,inf,0,,0
NM,2022,231,201,245,44850.0,639118.0,63668.0,660670.0,5.150501672240803,5.462653288740245,4.481605351170569,3.6281962681409814,3.8480869510586166,3.1570019476031916,inf,0,,0
NM,2023,200,177,212,44861.0,658702.0,63375.0,678698.0,4.458215376384833,4.725708298967922,3.945520608100577,3.1558185404339247,3.3451676528599608,2.7928994082840237,inf,0,,0
NM,2024,223,144,236,44861.0,658702.0,64556.0,686080.0,4.970910144669088,5.260694144134103,3.20991507099708,3.454365202304975,3.6557407522151313,2.2306214759278764,inf,0,,0
NV,2017,442,417,490,66430.0,1191625.0,78292.0,1170769.0,6.653620352250489,7.37618545837724,6.27728435947614,5.645532110560466,6.258621570530833,5.326214683492567,inf,0,,0
NV,2018,486,468,538,67845.0,1221809.0,79623.0,1216080.0,7.1633871324342255,7.929840076645295,6.898076497899623,6.103763987792472,6.756841616115946,5.877698654911269,inf,0,,0
NV,2019,473,443,523,68567.0,1261577.0,81288.0,1250092.0,6.898362185891172,7.627575947613283,6.460833928857905,5.818817045566381,6.433913984844011,5.449758881999803,inf,0,,0
NV,2020,557,515,611,70621.0,1275946.0,85432.0,1111600.0,7.887172370824542,8.651817448067854,7.292448421857521,6.519805225208353,7.151886880794081,6.028186159752786,inf,0,,0
NV,2021,681,624,739,73505.0,1157850.0,92648.0,1204467.0,9.264675872389633,10.0537378409632,8.489218420515611,7.350401519730593,7.976426906139366,6.7351696744668,inf,0,,0
NV,2022,714,615,755,76393.0,1286578.0,103366.0,1315007.0,9.346406084327096,9.883104472922911,8.050475828937207,6.907493760037149,7.304142561383821,5.949732020200066,inf,0,,0
NV,2023,671,603,712,77297.0,1345222.0,107259.0,1354689.0,8.68080261847161,9.211224238974346,7.801078955198779,6.255885287015541,6.638137592183406,5.621905854054205,inf,0,,0
NV,2024,844,654,875,77297.0,1345222.0,106439.0,1377101.0,10.918923114739254,11.319973608290102,8.460871702653403,7.929424365129323,8.220670994654215,6.144364377718693,inf,0,,0
NY,2017,3255,3126,3660,547034.0,8261269.0,623308.0,7899798.0,5.950270001498993,6.690626176800711,5.714452849365853,5.222137370288846,5.871896397928472,5.01517708741104,inf,0,,0
NY,2018,3469,3371,3832,547194.0,8410206.0,622828.0,8017398.0,6.33961629696232,7.003000763897265,6.160520765944071,5.569756016107176,6.152581451058719,5.412409204467365,inf,0,,0
NY,2019,3402,3228,3769,547351.0,8597216.0,626961.0,8121568.0,6.215390124435691,6.885892233685515,5.897495391439862,5.42617483384134,6.011538197750737,5.148645609535522,inf,0,,0
NY,2020,3395,3143,3758,537369.0,8617513.0,635538.0,7207032.0,6.31781885445569,6.993332328437257,5.848867351856917,5.341930773612279,5.913100396829144,4.945416324436934,inf,0,,0
NY,2021,3588,3300,3940,535758.0,7887280.0,645433.0,7460879.0,6.697053520432733,7.35406657483416,6.159497385013383,5.559058802385375,6.104429119676249,5.112846724601934,inf,0,,0
NY,2022,4244,3763,4545,540271.0,8429776.0,669545.0,7908130.0,7.855317053848902,8.412444865632247,6.96502310877319,6.338632952228752,6.788191981121508,5.620234636954947,inf,0,,0
NY,2023,4112,3665,4380,541313.0,8767091.0,681708.0,8097039.0,7.596344443972341,8.09143693205225,6.770574510495776,6.031908089680626,6.425038286187048,5.376202127597153,inf,0,,0
NY,2024,3962,2878,4112,541313.0,8767091.0,691628.0,8303012.0,7.319240439450003,7.596344443972341,5.31670216676858,5.728513015667382,5.94539260990012,4.161196481345463,inf,0,,0
OH,2017,1148,1107,2001,253001.0,4815946.0,281633.0,4646773.0,4.537531472207619,7.909059647985582,4.375476776771634,4.076226862619083,7.10499124747455,3.930647331811258,inf,0,,0
OH,2018,1205,1148,2192,251937.0,4878062.0,283135.0,4687246.0,4.782941767187829,8.700587845374043,4.556694729237865,4.255920320695075,7.741889911173115,4.054602927931905,inf,0,,0
OH,2019,1185,1120,2731,250981.0,4916956.0,287351.0,4711316.0,4.721472940182723,10.881301771847271,4.462489192408987,4.123876374190449,9.504056015117401,3.8976721848888642,inf,0,,0
OH,2020,1229,1159,3678,249857.0,4978720.0,290789.0,4418269.0,4.918813561357096,14.720420080285923,4.638653309693145,4.226432224052491,12.64834639549639,3.9857078500218375,inf,0,,0
OH,2021,1276,1176,3066,252241.0,4822238.0,300640.0,4546542.0,5.058654223540185,12.155042201703926,4.662207967776848,4.2442788717402875,10.198243746673763,3.9116551357104843,inf,0,,0
OH,2022,1332,1206,3154,254594.0,4963808.0,313656.0,4684897.0,5.231859352537765,12.388351650078164,4.736953738108518,4.246690641977198,10.055602315912974,3.8449766623307062,inf,0,,0
OH,2023,1187,1023,2373,255049.0,5081279.0,321911.0,4757108.0,4.654007661272932,9.304094507329964,4.010993965865382,3.6873545793713167,7.371602710065825,3.1778969963747743,inf,0,,0
OH,2024,1233,895,2242,255049.0,5081279.0,328831.0,4784025.0,4.8343651612043175,8.790467714047104,3.5091296182302223,3.7496464749369736,6.818091968214676,2.7217628508261082,inf,0,,0
OK,2017,284,275,343,93674.0,1360720.0,104615.0,1260205.0,3.0317911053227147,3.6616350321327156,2.9357132181822063,2.7147158629259667,3.278688524590164,2.628686134875496,inf,0,,0
OK,2018,340,326,387,93561.0,1385228.0,104889.0,1285704.0,3.633992796143692,4.136338859140026,3.4843577986554224,3.2415219899131467,3.6896147355776105,3.1080475550343696,inf,0,,0
OK,2019,337,321,360,93761.0,1404725.0,105815.0,1296418.0,3.5942449419268137,3.839549492859504,3.423598297799725,3.1848036667769217,3.402164154420451,3.033596371024902,inf,0,,0
OK,2020,329,306,371,93595.0,1405824.0,106844.0,1230661.0,3.515145039799134,3.9638869597734923,3.269405416956034,3.079255737336678,3.4723522144434877,2.8639886189210437,inf,0,,0
OK,2021,362,335,398,94751.0,1346568.0,109957.0,1255233.0,3.8205401526105267,4.200483372207153,3.535582737913056,3.2921960402702872,3.619596751457388,3.0466455068799623,inf,0,,0
OK,2022,440,394,472,95748.0,1390468.0,117212.0,1304605.0,4.595396248485608,4.9296068847391075,4.114968458871203,3.7538818551001607,4.02689144456199,3.36143057024878,inf,0,,0
OK,2023,380,316,414,96402.0,1431690.0,123651.0,1342938.0,3.9418269330511815,4.29451671127155,3.2779402916951934,3.0731656031896226,3.3481330518960624,2.555579817389265,inf,0,,0
OK,2024,448,332,479,96402.0,1431690.0,123123.0,1355649.0,4.64720648949192,4.968776581398727,3.44391195203419,3.6386377849792484,3.890418524564866,2.69649050136855,inf,0,,0
OR,2017,636,601,684,117357.0,1596637.0,144582.0,1596853.0,5.419361435619519,5.828369845854955,5.121126136489515,4.398887828360377,4.730879362576254,4.156810667994633,2017.0,1,0.0,2017
OR,2018,826,797,889,118586.0,1629432.0,149168.0,1648323.0,6.965409070210649,7.496669084040275,6.720860809876377,5.537380671457685,5.959723265043441,5.3429690013944,2017.0,1,1.0,2017
OR,2019,968,883,1017,119074.0,1643425.0,152892.0,1677647.0,8.129398525286796,8.540907334934579,7.415556712632481,6.331266514925568,6.6517541794207675,5.775318525495122,2017.0,1,2.0,2017
OR,2020,852,788,885,118927.0,1664087.0,157335.0,1570539.0,7.164058624198037,7.4415397680930315,6.625913375431987,5.415196872914482,5.624940413766803,5.008421520958465,2017.0,1,3.0,2017
OR,2021,876,787,907,120704.0,1575613.0,165889.0,1613336.0,7.257423117709438,7.514249734888653,6.520082184517498,5.280639463737801,5.467511408230805,4.744136139225627,2017.0,1,4.0,2017
OR,2022,951,793,994,122397.0,1666806.0,177635.0,1675632.0,7.769798279369592,8.121114079593454,6.478916966919124,5.353674669969319,5.595744081965829,4.464210318912376,2017.0,1,5.0,2017
OR,2023,1321,1114,1363,122451.0,1697911.0,186144.0,1702772.0,10.787988664853696,11.130983005447078,9.097516557643466,7.0966563520715145,7.322288121024584,5.984614062231391,2017.0,1,6.0,2017
OR,2024,1117,706,1146,122451.0,1697911.0,180622.0,1701612.0,9.122016153400136,9.358845579047946,5.765571534736344,6.184185758102556,6.3447420579995795,3.9087154388723415,2017.0,1,7.0,2017
PA,2017,1458,1403,1648,302772.0,5433660.0,340718.0,5124456.0,4.815504736237169,5.443039646995098,4.633849893649347,4.279198633474016,4.836844545929479,4.117774816710593,inf,0,,0
PA,2018,1518,1466,1680,303492.0,5478025.0,342488.0,5193979.0,5.001779289075166,5.535566011624689,4.830440341096306,4.432272079605708,4.905281352923314,4.280441942491416,inf,0,,0
PA,2019,1563,1492,1737,303224.0,5557885.0,345780.0,5249732.0,5.1546051763712635,5.7284383821861065,4.920454845262908,4.520215165712303,5.023425299323269,4.314882295100931,inf,0,,0
PA,2020,1582,1496,1736,302018.0,5574417.0,348195.0,4829417.0,5.2380983914866,5.7480017747286585,4.953347151494282,4.5434311233647815,4.985712029179052,4.296443085052916,inf,0,,0
PA,2021,1835,1695,2006,304633.0,5279905.0,356333.0,4998653.0,6.023641562141987,6.584972737687644,5.564072178654315,5.149677408491495,5.629565602961275,4.756786489042553,inf,0,,0
PA,2022,1958,1778,2083,307685.0,5584830.0,371182.0,5210459.0,6.3636511367144974,6.769910785381153,5.778637242634513,5.275040276737557,5.611802296447565,4.790102968355146,inf,0,,0
PA,2023,1814,1649,1961,307065.0,5713846.0,372887.0,5301444.0,5.907544005340889,6.386270007978767,5.370198492175923,4.864744547275716,5.258965852925954,4.4222512450152465,inf,0,,0
PA,2024,1742,1322,1850,307065.0,5713846.0,375291.0,5345984.0,5.67306596323254,6.024783026395063,4.305277384267175,4.641731349805884,4.929508035098097,3.5225997958917215,inf,0,,0
RI,2017,217,215,227,28783.0,435978.0,36649.0,417997.0,7.5391724281694055,7.886599729006705,7.4696869680019455,5.921034680345985,6.193893421375754,5.866462932140031,inf,0,,0
RI,2018,215,208,230,28748.0,442449.0,37304.0,421767.0,7.478781132600529,8.00055656045638,7.235285932934465,5.763457001930088,6.165558653227536,5.575809564657946,inf,0,,0
RI,2019,188,181,196,28801.0,444948.0,38149.0,424477.0,6.52755112669699,6.805319259747925,6.284504010277421,4.928045296075913,5.137749351228079,4.744554247817767,inf,0,,0
RI,2020,201,188,213,28586.0,445846.0,39249.0,384927.0,7.031413978870775,7.451199888057091,6.576645910585602,5.121149583428878,5.426889857066422,4.78993095365487,inf,0,,0
RI,2021,195,180,208,28989.0,412761.0,42220.0,404284.0,6.726689433923212,7.17513539618476,6.209251785159888,4.6186641402179065,4.9265750828991,4.263382283278068,inf,0,,0
RI,2022,195,171,206,29490.0,439021.0,45438.0,420969.0,6.612410986775178,6.985418786029162,5.798575788402848,4.291562128614816,4.533650248690523,3.763369866631454,inf,0,,0
RI,2023,209,185,218,29510.0,444256.0,47475.0,427171.0,7.082344967807522,7.387326330057608,6.26906133514063,4.40231700895208,4.59189046866772,3.8967877830437074,inf,0,,0
RI,2024,271,211,284,29510.0,444256.0,48281.0,433425.0,9.183327685530328,9.623856319891562,7.150118603863097,5.6129740477620595,5.882231105403782,4.370249166338725,inf,0,,0
SC,2017,541,518,621,109238.0,1866451.0,124941.0,1688066.0,4.952489060583313,5.684834947545726,4.74193961808162,4.330043780664473,4.970346003313565,4.14595689165286,inf,0,,0
SC,2018,524,505,595,110325.0,1903609.0,128358.0,1743243.0,4.74960344436891,5.393156582823476,4.577384998866984,4.082332227052463,4.6354726623973574,3.934308730270026,inf,0,,0
SC,2019,536,504,603,111926.0,1949406.0,136498.0,1774305.0,4.788878366063291,5.387488161821203,4.5029751800296625,3.926797462233879,4.417647145013114,3.6923617928467816,inf,0,,0
SC,2020,556,528,643,113383.0,1986776.0,141701.0,1677040.0,4.903733363908169,5.671044160059268,4.656782762848046,3.9237549488006436,4.537723798702903,3.726155778717158,inf,0,,0
SC,2021,716,660,810,116896.0,1936015.0,148172.0,1747288.0,6.125102655351766,6.929236244182864,5.646044347111963,4.832222012256027,5.466619874200254,4.454282860459466,inf,0,,0
SC,2022,791,703,854,120769.0,2013315.0,162148.0,1833574.0,6.549694044001358,7.071351091753678,5.821030231267957,4.878259367984804,5.266793299948195,4.335545304289908,inf,0,,0
SC,2023,813,722,865,122958.0,2067143.0,173406.0,1887022.0,6.61201385839067,7.034922493859692,5.871923746319882,4.68841908584478,4.988293369318248,4.163639089766214,inf,0,,0
SC,2024,816,640,861,122958.0,2067143.0,186229.0,1918314.0,6.636412433513883,7.002391060362075,5.205029359618732,4.381702097954669,4.623340081297757,3.436629096435034,inf,0,,0
SD,2017,79,78,84,27099.0,359643.0,30860.0,348925.0,2.915236724602384,3.099745378058231,2.8783349939112144,2.559948152948801,2.7219701879455607,2.527543745949449,inf,0,,0
SD,2018,85,82,92,27100.0,359771.0,31286.0,352997.0,3.1365313653136533,3.394833948339483,3.025830258302583,2.716870165569264,2.9406124144984975,2.6209806303138787,inf,0,,0
SD,2019,60,59,65,27108.0,358943.0,31774.0,355442.0,2.213368747233289,2.397816142836063,2.1764792681127343,1.8883363756530498,2.045697740290804,1.8568641027254988,inf,0,,0
SD,2020,78,76,92,27236.0,364440.0,32502.0,344581.0,2.863856660302541,3.377882214715817,2.7904244382435013,2.399852316780506,2.830595040305212,2.3383176419912624,inf,0,,0
SD,2021,118,111,140,27951.0,363923.0,34119.0,356870.0,4.221673643161246,5.008765339343852,3.971235376194054,3.4584835428939886,4.103285559365749,3.2533192649257012,inf,0,,0
SD,2022,121,108,129,28857.0,373863.0,36373.0,368476.0,4.193090064802301,4.470319159995841,3.7425927851127976,3.326643389327248,3.546586753910868,2.9692354218788664,inf,0,,0
SD,2023,133,122,144,29106.0,383805.0,37321.0,376993.0,4.56950456950457,4.94743351886209,4.191575620147049,3.5636772862463495,3.858417512928378,3.2689370595643203,inf,0,,0
SD,2024,113,88,116,29106.0,383805.0,37934.0,381950.0,3.8823610252181684,3.985432556861128,3.0234315948601664,2.9788580165550695,3.0579427426583012,2.31981863236147,inf,0,,0
TN,2017,565,537,670,137918.0,2650007.0,152583.0,2519935.0,4.096637132208994,4.857959077132789,3.8936179468959815,3.7029026824744564,4.391052738509533,3.519396000865103,inf,0,,0
TN,2018,656,640,744,138269.0,2683214.0,157381.0,2560978.0,4.744375094923663,5.380815656437814,4.628658629193818,4.168228693425508,4.72738132303137,4.0665645789517155,inf,0,,0
TN,2019,646,611,733,139760.0,2724545.0,161998.0,2614349.0,4.622209502003435,5.244705208929593,4.3717801946193475,3.9877035518957022,4.524747219101471,3.7716515018703936,inf,0,,0
TN,2020,633,585,730,140905.0,2760605.0,168073.0,2502249.0,4.492388488698059,5.1807955714843335,4.151733437422377,3.766220630321348,4.343350805899817,3.480630440344374,inf,0,,0
TN,2021,808,757,901,144457.0,2704416.0,180919.0,2604555.0,5.593359961787937,6.2371501554095685,5.240313726576074,4.466087033423797,4.980129229102527,4.184192926116107,inf,0,,0
TN,2022,951,833,1022,147924.0,2846881.0,197747.0,2741025.0,6.428977042264947,6.908953246261594,5.631270111678971,4.809175360435304,5.168219998280632,4.212453286269829,inf,0,,0
TN,2023,869,760,957,150129.0,2971417.0,215424.0,2810600.0,5.7883553477342815,6.374517914593449,5.062313077420086,4.0339052287581705,4.442401960784314,3.527926322043969,inf,0,,0
TN,2024,871,625,945,150129.0,2971417.0,222670.0,2838835.0,5.801677224253808,6.29458665547629,4.163086412352044,3.9116180895495574,4.243948443885571,2.806844208919028,inf,0,,0
TX,2017,2861,2721,3454,592677.0,10580160.0,660399.0,10151376.0,4.827249918589721,5.827794903463437,4.591033564656635,4.332229455223282,5.230171456952539,4.120236402538465,inf,0,,0
TX,2018,3093,2978,3602,600747.0,10794596.0,678492.0,10429485.0,5.148590005443223,5.9958684770793695,4.957161667057846,4.558638863833324,5.308831939064867,4.389145339959794,inf,0,,0
TX,2019,3361,3129,3776,609476.0,11104054.0,698138.0,10694544.0,5.514573174333362,6.195485958429865,5.133918316717967,4.81423443502574,5.408672783890864,4.4819219122866825,inf,0,,0
TX,2020,3393,3195,3984,618272.0,11210906.0,720066.0,10184330.0,5.487875886341286,6.443765850628849,5.167628487138346,4.712068060427795,5.532826157602219,4.437093266450575,inf,0,,0
TX,2021,3994,3594,4521,638183.0,10798364.0,752347.0,10641008.0,6.25839296878795,7.084174915345598,5.631613502710038,5.308720577074142,6.009195225075663,4.777051015023653,inf,0,,0
TX,2022,4527,3912,4901,657362.0,11507642.0,788032.0,11337527.0,6.88661650658237,7.455557212007995,5.951058929478735,5.744690570941281,6.219290587184276,4.964265410541704,inf,0,,0
TX,2023,4191,3644,4602,670878.0,12012629.0,814653.0,11729639.0,6.247037464337778,6.859667480525521,5.431688026735115,5.14452165523235,5.649030937098372,4.473070129245213,inf,0,,0
TX,2024,4427,3123,4774,670878.0,12012629.0,829105.0,11910861.0,6.598815283851907,7.116047925256157,4.655093772638244,5.339492585378209,5.758016174067217,3.766712298201072,inf,0,,0
UT,2017,491,476,548,80140.0,1282455.0,95389.0,1202475.0,6.126778138258048,6.838033441477415,5.939605690042426,5.147344033379111,5.744897210370169,4.990093197328832,inf,0,,0
UT,2018,511,501,556,82260.0,1337574.0,99566.0,1247220.0,6.212010697787503,6.75905664964746,6.090444930707513,5.132274069461463,5.584235582427736,5.03183817769118,inf,0,,0
UT,2019,474,459,523,83924.0,1373876.0,104054.0,1284151.0,5.647967208426672,6.231828797483438,5.469234068919499,4.555327041728333,5.026236377265651,4.411171122686297,inf,0,,0
UT,2020,527,494,583,86927.0,1405666.0,108976.0,1269695.0,6.062558238521978,6.706776950774788,5.682929354515858,4.835927176626046,5.349801791220085,4.5331082073117015,inf,0,,0
UT,2021,677,618,724,90301.0,1433829.0,117427.0,1344172.0,7.497148425820312,8.017629926578886,6.843778031251039,5.7652839636540145,6.165532628782137,5.262844149982542,inf,0,,0
UT,2022,652,567,699,93706.0,1521640.0,128186.0,1407806.0,6.957932256205579,7.459500992465797,6.0508398608413545,5.0863588847456045,5.453013589627572,4.4232599503845975,inf,0,,0
UT,2023,620,546,669,95494.0,1579974.0,131617.0,1437279.0,6.492554506042265,7.005675749261734,5.717636710159801,4.710637683581909,5.082930016639188,4.148400282638261,inf,0,,0
UT,2024,721,523,774,95494.0,1579974.0,135539.0,1451665.0,7.550212578800762,8.105221270446311,5.476783881709846,5.3195021359166,5.710533499583146,3.8586679848604457,inf,0,,0
VA,2017,1096,1048,1198,201893.0,3310542.0,262446.0,3140917.0,5.42861812940518,5.9338362399885085,5.190868430307143,4.176097178086159,4.5647485577985565,3.9932024111626774,2023.0,0,-6.0,2023
VA,2018,1153,1115,1239,202379.0,3386839.0,270687.0,3188362.0,5.697231432114992,6.122176708057654,5.509464914838002,4.25953222725879,4.577242350020503,4.119148684643149,2023.0,0,-5.0,2023
VA,2019,1205,1130,1315,203467.0,3455993.0,272258.0,3227013.0,5.922336300235419,6.462964510215416,5.553726157067239,4.425948916101639,4.829977447861954,4.150474917174151,2023.0,0,-4.0,2023
VA,2020,1172,1092,1265,204131.0,3483867.0,275070.0,3050133.0,5.741411152642176,6.197000945471291,5.349505954509604,4.26073363143927,4.59882938888283,3.9698985712727675,2023.0,0,-3.0,2023
VA,2021,1385,1271,1497,206271.0,3340509.0,289340.0,3147453.0,6.714467860242109,7.257442878543276,6.161796859471278,4.7867560655284445,5.17384392064699,4.392755927282781,2023.0,0,-2.0,2023
VA,2022,1461,1273,1586,209244.0,3494956.0,319638.0,3258793.0,6.982279061765212,7.579667756303645,6.083806465179408,4.570795712649936,4.961863107640518,3.982630350584098,2023.0,0,-1.0,2023
VA,2023,1729,1552,1817,210842.0,3581650.0,312152.0,3332239.0,8.200453420096565,8.61782756756244,7.360962237125431,5.538968194981932,5.8208821343448065,4.971936748763423,2023.0,1,0.0,2023
VA,2024,1811,1330,1947,210842.0,3581650.0,308528.0,3369001.0,8.589370239326131,9.234403012682483,6.308041092381973,5.86980760255147,6.31061038220194,4.310791889228854,2023.0,1,1.0,2023
VT,2017,66,65,74,21158.0,258876.0,24034.0,256446.0,3.1193874657340013,3.4974950373381226,3.072124019283486,2.7461096779562286,3.0789714571024382,2.7045019555629524,inf,0,,0
VT,2018,85,82,98,21019.0,261282.0,24173.0,257141.0,4.043960226461773,4.6624482610971025,3.9012322184690045,3.516319861001944,4.054109957390477,3.392214454143052,inf,0,,0
VT,2019,89,85,99,20829.0,261196.0,24523.0,257280.0,4.272888760862259,4.7529886216333,4.080848816553844,3.629246013946091,4.03702646495127,3.46613383354402,inf,0,,0
VT,2020,97,91,102,20540.0,258423.0,24900.0,232551.0,4.722492697176241,4.965920155793574,4.4303797468354436,3.895582329317269,4.096385542168675,3.654618473895582,inf,0,,0
VT,2021,112,102,125,20696.0,239758.0,26479.0,241494.0,5.4116737533822965,6.039814456899884,4.928488596830306,4.22976698515805,4.720722081649609,3.8521092186260812,inf,0,,0
VT,2022,162,142,172,20868.0,254471.0,28549.0,250086.0,7.7630822311673375,8.242284838029518,6.804677017442975,5.674454446740691,6.024729412588883,4.9739045150443095,inf,0,,0
VT,2023,133,120,139,20841.0,256460.0,29935.0,254464.0,6.38165155222878,6.669545607216544,5.7578810997552905,4.4429597461165855,4.643394020377484,4.008685485217972,inf,0,,0
VT,2024,161,122,168,20841.0,256460.0,30789.0,255878.0,7.725157142171681,8.061033539657407,5.853845784751212,5.229140277371789,5.45649420247491,3.962454123225828,inf,0,,0
WA,2017,1096,1047,1184,191045.0,2768660.0,237316.0,2735142.0,5.736868277107488,6.1974927373131985,5.480384202674763,4.6183148207453355,4.989128419491311,4.411839066898144,inf,0,,0
WA,2018,1076,1036,1152,193817.0,2847481.0,244223.0,2810692.0,5.5516285981105895,5.94375106414814,5.345248352827667,4.405809444646901,4.717000446313411,4.242024706927685,inf,0,,0
WA,2019,1171,1079,1254,195105.0,2898378.0,248576.0,2871805.0,6.001896414751032,6.427308372414854,5.5303554496296865,4.7108329042224515,5.044734809474768,4.340724768280124,inf,0,,0
WA,2020,1162,1076,1316,194967.0,2959864.0,263926.0,2709844.0,5.959982971477224,6.749860232757339,5.518882682710408,4.402749255473125,4.986246144752696,4.07690034327804,inf,0,,0
WA,2021,1305,1159,1430,198854.0,2821109.0,267872.0,2805472.0,6.562603719311656,7.191205608134611,5.828396713166444,4.871729781388126,5.338370565045992,4.3266933460757375,inf,0,,0
WA,2022,1500,1275,1576,202005.0,2978277.0,252068.0,2955687.0,7.42555877329769,7.801787084478107,6.311724957303037,5.9507751876477775,6.252281130488599,5.058158909500611,inf,0,,0
WA,2023,1324,1141,1404,202177.0,3056235.0,224177.0,3003089.0,6.548717213135025,6.944410096103909,5.643569743343703,5.906047453574631,6.262908326902403,5.089728205837352,inf,0,,0
WA,2024,1452,937,1513,202177.0,3056235.0,232529.0,3003097.0,7.181825825885239,7.483541649149013,4.63455289177305,6.244382421117367,6.506715291426016,4.02960490949516,inf,0,,0
WI,2017,605,589,676,142136.0,2561381.0,164288.0,2473083.0,4.2564867450892105,4.7560083300500935,4.143918500590983,3.6825574600701207,4.114725360342812,3.5851675107128944,inf,0,,0
WI,2018,680,662,724,141666.0,2602148.0,167652.0,2497801.0,4.800022588341593,5.110612285234284,4.672963166885491,4.056020805000835,4.3184692100303,3.948655548397872,inf,0,,0
WI,2019,659,633,717,141635.0,2610712.0,168741.0,2506971.0,4.652804744589967,5.06230804532778,4.469234299431637,3.90539347283707,4.24911550838267,3.7513111810407667,inf,0,,0
WI,2020,683,643,797,141326.0,2599347.0,170628.0,2365625.0,4.832797928194387,5.6394435560335685,4.549764374566605,4.002860022973954,4.670980143938861,3.7684319103546895,inf,0,,0
WI,2021,681,629,768,142496.0,2518727.0,178272.0,2433229.0,4.7790815180777,5.389624971929036,4.414158993936672,3.8200053850296176,4.308023694130318,3.5283162807395443,inf,0,,0
WI,2022,828,741,888,144443.0,2600303.0,189729.0,2505934.0,5.732365015957852,6.14775378523016,5.1300513005130055,4.364119349176984,4.680359881726041,3.9055705769808515,inf,0,,0
WI,2023,841,763,891,144774.0,2642958.0,191651.0,2545041.0,5.809054111926174,6.154419992540097,5.270283338168456,4.388184773364084,4.64907566357598,3.981194984633526,inf,0,,0
WI,2024,802,592,851,144774.0,2642958.0,195879.0,2557800.0,5.539668725047315,5.878127288048959,4.089132026468841,4.094364378008873,4.344518810081734,3.0222739548394673,inf,0,,0
WV,2017,88,85,109,36522.0,549413.0,46332.0,547549.0,2.40950659876239,2.984502491648869,2.327364328350036,1.8993352326685662,2.3525856859190193,1.8345851679185012,inf,0,,0
WV,2018,93,91,132,35963.0,554567.0,47091.0,559118.0,2.5859911575786225,3.670439062369658,2.5303784445124156,1.9748996623558641,2.8030833917309037,1.932428701875093,inf,0,,0
WV,2019,106,100,145,35795.0,554433.0,46961.0,553809.0,2.961307445173907,4.050845090096383,2.793686269031988,2.2571921381571944,3.0876684908754073,2.1294265454313153,inf,0,,0
WV,2020,74,72,104,35323.0,542148.0,47373.0,509884.0,2.0949522973699857,2.9442572827902502,2.0383319650086347,1.562071222004095,2.1953433390327826,1.5198530808688495,inf,0,,0
WV,2021,104,100,143,35316.0,519122.0,49486.0,525060.0,2.944840865330162,4.049156189828973,2.8315777551251555,2.1016044942003798,2.8897061795255223,2.0207735521157497,inf,0,,0
WV,2022,110,99,160,35530.0,540468.0,51829.0,539694.0,3.0959752321981426,4.503236701379116,2.7863777089783284,2.122363927530919,3.087074803681337,1.910127534777827,inf,0,,0
WV,2023,125,109,160,35839.0,551240.0,55339.0,551378.0,3.487820530706772,4.464410279304668,3.041379502776305,2.2588048211930105,2.891270171127053,1.969677804080305,inf,0,,0
WV,2024,112,71,137,35839.0,551240.0,57789.0,559911.0,3.125087195513268,3.822651301654622,1.9810820614414464,1.938085102701206,2.370693384554154,1.2286075204623719,inf,0,,0
WY,2017,51,47,100,21148.0,201864.0,24622.0,203816.0,2.411575562700965,4.728579534707774,2.222432381312654,2.071318333197953,4.061408496466575,1.90886199333929,inf,0,,0
WY,2018,72,70,89,21336.0,205786.0,24873.0,207335.0,3.374578177727784,4.171353580802399,3.2808398950131235,2.894705101917742,3.5781771398705424,2.814296626864471,inf,0,,0
WY,2019,84,77,113,21578.0,207016.0,25256.0,211746.0,3.892853832607285,5.236815274816943,3.568449346556678,3.3259423503325944,4.474184352233133,3.048780487804878,inf,0,,0
WY,2020,84,72,102,21770.0,206266.0,25827.0,196823.0,3.8585209003215435,4.6853468075333025,3.307303628847037,3.252410268323847,3.9493553258218146,2.787780229991869,inf,0,,0
WY,2021,97,85,120,22474.0,198810.0,26768.0,201580.0,4.316098602829937,5.339503426181365,3.7821482602118004,3.6237298266586966,4.482964734010759,3.1754333532576213,inf,0,,0
WY,2022,131,116,145,23196.0,208024.0,28130.0,208246.0,5.6475254354199,6.25107777202966,5.0008622176237285,4.656949875577675,5.154639175257732,4.123711340206186,inf,0,,0
WY,2023,146,126,155,23865.0,212203.0,28690.0,213529.0,6.117745652629373,6.494866959983239,5.279698302954117,5.08888114325549,5.4025792959219245,4.39177413733008,inf,0,,0
WY,2024,189,123,199,23865.0,212203.0,29070.0,214502.0,7.919547454431176,8.338571129268804,5.153991200502828,6.501547987616099,6.845545235638115,4.231166150670795,inf,0,,0
