state,year,new_401k_plans,new_401k_with_employees,new_esrp_plans,establishments,employment,rate_per_1000_estabs,esrp_rate_per_1000_estabs,with_employees_rate_per_1000_estabs,first_treatment_year,treated,event_time,cohort
AK,2017,70,68,81,21279.0,262075.0,3.2896282720052636,3.8065698576060902,3.195638892805113,inf,0,,0
AK,2018,67,65,86,21293.0,261053.0,3.14657399145259,4.038886018879444,3.0526464096181845,inf,0,,0
AK,2019,76,74,86,21399.0,264971.0,3.5515678302724427,4.018879386887238,3.4581055189494836,inf,0,,0
AK,2020,66,62,89,21184.0,266063.0,3.115558912386707,4.201283987915407,2.9267371601208456,inf,0,,0
AK,2021,115,98,136,21641.0,251093.0,5.313987338847558,6.284367635506678,4.5284413844092235,inf,0,,0
AK,2022,92,78,97,22082.0,257462.0,4.166289285390816,4.392718050901187,3.5322887419617786,inf,0,,0
AK,2023,135,119,140,22178.0,263691.0,6.0871133555776,6.312561998376769,5.365677698620255,inf,0,,0
AK,2024,125,71,130,22178.0,263691.0,5.636216069979259,5.861664712778429,3.2013707277482193,inf,0,,0
AL,2017,274,266,325,100419.0,1690061.0,2.728567303000428,3.236439319252333,2.6489011043726785,inf,0,,0
AL,2018,364,349,416,100267.0,1730817.0,3.6303070800961432,4.1489223772527355,3.480706513608665,inf,0,,0
AL,2019,371,348,581,100731.0,1758609.0,3.683076709255343,5.767837110720632,3.4547458081424787,inf,0,,0
AL,2020,333,313,569,100955.0,1777495.0,3.298499331385271,5.636174533207865,3.1003912634342035,inf,0,,0
AL,2021,473,433,536,103514.0,1719114.0,4.569430221998957,5.17804354966478,4.183009061576212,inf,0,,0
AL,2022,470,400,507,105071.0,1777657.0,4.473165764102369,4.825308600850853,3.8069495864701013,inf,0,,0
AL,2023,459,390,501,105720.0,1822666.0,4.341657207718502,4.738933030646992,3.688989784335982,inf,0,,0
AL,2024,493,373,531,105720.0,1822666.0,4.663261445327279,5.022701475595913,3.528187665531593,inf,0,,0
AR,2017,191,179,211,66786.0,1030593.0,2.859880813344114,3.1593447728565867,2.6802024376366305,inf,0,,0
AR,2018,208,202,230,66975.0,1043210.0,3.1056364315042924,3.4341172079134004,3.0160507652108994,inf,0,,0
AR,2019,165,151,184,67243.0,1053453.0,2.4537870112874205,2.736344303496275,2.2455869012387906,inf,0,,0
AR,2020,220,200,250,67586.0,1055534.0,3.2551120054449147,3.698990915278312,2.9591927322226494,inf,0,,0
AR,2021,247,222,261,68572.0,1029703.0,3.602053316222365,3.8062182815143206,3.2374730210581575,inf,0,,0
AR,2022,271,242,292,69634.0,1089044.0,3.891777005485826,4.193353821409081,3.475313783496568,inf,0,,0
AR,2023,218,188,243,70452.0,1120356.0,3.0943053426446374,3.4491568727644353,2.66848350650088,inf,0,,0
AR,2024,269,195,293,70452.0,1120356.0,3.8182024640890253,4.158859933004031,2.7678419349344234,inf,0,,0
AZ,2017,945,902,1071,143306.0,2448538.0,6.594280769821221,7.473518205797385,6.294223549607135,inf,0,,0
AZ,2018,1058,1019,1174,144867.0,2549128.0,7.303250567762154,8.10398503454893,7.034038117721773,inf,0,,0
AZ,2019,1040,984,1147,147163.0,2614641.0,7.066993741633427,7.794078674666866,6.686463309391627,inf,0,,0
AZ,2020,1170,1094,1302,149829.0,2644781.0,7.808902148449232,8.689906493402479,7.3016572225670595,inf,0,,0
AZ,2021,1343,1260,1469,154759.0,2601482.0,8.67800903340032,9.492178160882405,8.14169127482085,inf,0,,0
AZ,2022,1445,1293,1544,159857.0,2787701.0,9.039328900204557,9.658632402709921,8.08847907817612,inf,0,,0
AZ,2023,1392,1224,1483,162845.0,2890429.0,8.54800577236022,9.10681936811078,7.516349903282262,inf,0,,0
AZ,2024,1383,1001,1483,162845.0,2890429.0,8.492738493659614,9.10681936811078,6.146949553256164,inf,0,,0
CA,2017,7478,7203,8539,941377.0,14896625.0,7.943682499147526,9.070754862292153,7.651557240085535,2019.0,0,-2.0,2019
CA,2018,8098,7867,8996,954632.0,15223664.0,8.482849935891526,9.42352655264018,8.240871875235694,2019.0,0,-1.0,2019
CA,2019,8344,7819,9177,966224.0,15516824.0,8.635678683203896,9.497797612147908,8.09232641706271,2019.0,1,0.0,2019
CA,2020,9212,8590,10048,981369.0,15710859.0,9.38688709343784,10.238758305999069,8.753078607537022,2019.0,1,1.0,2019
CA,2021,10705,9900,11551,998582.0,14835360.0,10.72020124536593,11.56740257685398,9.914058134434628,2019.0,1,2.0,2019
CA,2022,21503,18944,22294,1023181.0,16032440.0,21.01583199844407,21.788911248351955,18.514808230410846,2019.0,1,3.0,2019
CA,2023,12901,11255,13472,1029689.0,16405436.0,12.529025754378264,13.083562124097664,10.930484835712532,2019.0,1,4.0,2019
CA,2024,13455,9683,13863,1029689.0,16405436.0,13.067052284718978,13.463288429807447,9.403810276695197,2019.0,1,5.0,2019
CO,2017,1079,1055,1200,169842.0,2371694.0,6.352963342400584,7.0653901861730315,6.211655538677124,2023.0,0,-6.0,2023
CO,2018,1163,1119,1277,172548.0,2423817.0,6.7401534645432,7.400839186777012,6.485151957716114,2023.0,0,-5.0,2023
CO,2019,1272,1186,1366,174258.0,2473192.0,7.29952139930448,7.838951439819119,6.806000298408108,2023.0,0,-4.0,2023
CO,2020,1291,1199,1422,175965.0,2510726.0,7.336686272838349,8.081152501917995,6.81385502798852,2023.0,0,-3.0,2023
CO,2021,1502,1355,1610,179827.0,2416632.0,8.352472098183254,8.953049319623862,7.535019769000206,2023.0,0,-2.0,2023
CO,2022,1865,1623,1946,181963.0,2481196.0,10.249336403554569,10.694481845210289,8.919395701323895,2023.0,0,-1.0,2023
CO,2023,3116,2760,3216,182486.0,2566040.0,17.075282487423692,17.62326973028068,15.124447902852822,2023.0,1,0.0,2023
CO,2024,2023,1426,2121,182486.0,2566040.0,11.085781922996834,11.62280942099668,7.814298083140623,2023.0,1,1.0,2023
CT,2017,611,589,659,89574.0,1536858.0,6.8211757876169425,7.357045571259517,6.575568803447429,2022.0,0,-5.0,2022
CT,2018,594,570,665,89054.0,1528867.0,6.670110270173153,7.467379342870617,6.400610865317673,2022.0,0,-4.0,2022
CT,2019,645,620,704,88916.0,1538341.0,7.25403751855684,7.917585136533357,6.972873273651537,2022.0,0,-3.0,2022
CT,2020,597,563,680,88060.0,1551590.0,6.779468544174426,7.722007722007723,6.393368158074041,2022.0,0,-2.0,2022
CT,2021,639,598,706,88509.0,1442204.0,7.219604785953971,7.976589951304387,6.756375057903716,2022.0,0,-1.0,2022
CT,2022,774,674,824,89293.0,1508634.0,8.668092683637015,9.228046991365504,7.548184068180037,2022.0,1,0.0,2022
CT,2023,1305,1163,1359,89234.0,1536698.0,14.624470493309726,15.229620996481163,13.033148799784835,2022.0,1,1.0,2022
CT,2024,819,601,863,89234.0,1536698.0,9.178115964766793,9.671201559943519,6.735100970482104,2022.0,1,2.0,2022
DC,2017,232,224,259,23585.0,527004.0,9.836760652957388,10.981556073775705,9.497562009751961,inf,0,,0
DC,2018,233,229,255,23751.0,539557.0,9.81011325838912,10.736390046734876,9.641699296871712,inf,0,,0
DC,2019,241,227,260,23993.0,528826.0,10.044596340599341,10.836493977410077,9.461092818738798,inf,0,,0
DC,2020,256,237,282,24083.0,543174.0,10.629904912178715,11.709504629821865,9.840966656977951,inf,0,,0
DC,2021,304,276,331,24089.0,483307.0,12.619867989538793,13.740711528083358,11.457511727344432,inf,0,,0
DC,2022,284,234,313,23874.0,527355.0,11.895786210940772,13.11049677473402,9.801457652676552,inf,0,,0
DC,2023,291,261,303,23801.0,558653.0,12.226377042981388,12.730557539599175,10.965925801436915,inf,0,,0
DC,2024,299,194,319,23801.0,558653.0,12.562497374059914,13.402798201756228,8.150918028654258,inf,0,,0
DE,2017,180,170,201,25452.0,400714.0,7.072135785007072,7.897218293257897,6.679239352506679,2024.0,0,-7.0,2024
DE,2018,196,189,217,25771.0,405809.0,7.605447984168251,8.420317411043422,7.3338248418765275,2024.0,0,-6.0,2024
DE,2019,217,202,230,26142.0,413410.0,8.300818606074516,8.798102670032897,7.727029301507153,2024.0,0,-5.0,2024
DE,2020,286,254,294,27472.0,422044.0,10.410599883517763,10.701805474665113,9.245777518928364,2024.0,0,-4.0,2024
DE,2021,314,274,334,28553.0,408714.0,10.997093125065668,11.697544916471124,9.596189542254756,2024.0,0,-3.0,2024
DE,2022,428,353,442,29195.0,424303.0,14.660044528172634,15.139578694982017,12.091111491693782,2024.0,0,-2.0,2024
DE,2023,419,353,434,29706.0,457635.0,14.104894634080658,14.609843129334141,11.883121254965326,2024.0,0,-1.0,2024
DE,2024,606,387,618,29706.0,457635.0,20.39991920824076,20.803878004443547,13.02767117753989,2024.0,1,0.0,2024
FL,2017,2871,2779,3269,557308.0,8385577.0,5.151549950835086,5.865697244611597,4.986470676896797,inf,0,,0
FL,2018,3343,3254,3678,566894.0,8669611.0,5.897046008601255,6.487985408206825,5.740050168109029,inf,0,,0
FL,2019,3402,3249,3707,574512.0,8860042.0,5.921547330604061,6.452432673294901,5.655234355418164,inf,0,,0
FL,2020,3291,3102,3598,591046.0,9084079.0,5.568094530713346,6.0875126470697705,5.248322465594895,inf,0,,0
FL,2021,3954,3672,4294,616961.0,8877389.0,6.4088329732349365,6.959921291621351,5.951753838573264,inf,0,,0
FL,2022,4287,3814,4740,633353.0,9628867.0,6.768737181319107,7.483978129100201,6.02191826674856,inf,0,,0
FL,2023,4623,4159,5031,645575.0,9988508.0,7.161057971575727,7.79305270495295,6.442318863029083,inf,0,,0
FL,2024,4732,3587,5105,645575.0,9988508.0,7.32989970181621,7.9076792007125425,5.556287030941409,inf,0,,0
GA,2017,1246,1199,1467,233500.0,3888928.0,5.3361884368308345,6.282655246252677,5.134903640256959,inf,0,,0
GA,2018,1330,1288,1533,235847.0,3975657.0,5.639249174252799,6.499976679796648,5.461167621381658,inf,0,,0
GA,2019,1347,1285,2964,239034.0,4040559.0,5.635181605964005,12.39990963628605,5.375804278889196,inf,0,,0
GA,2020,1467,1375,2935,244668.0,4107151.0,5.995880131443425,11.995847434073928,5.6198603822322495,inf,0,,0
GA,2021,1555,1436,2604,253729.0,4034309.0,6.128586011059044,10.262918310480869,5.6595816796661005,inf,0,,0
GA,2022,1785,1591,2466,258377.0,4249362.0,6.908509658367424,9.544193175089115,6.157668832752141,inf,0,,0
GA,2023,1751,1551,2435,261320.0,4405730.0,6.700596969233124,9.318077452931272,5.9352517985611515,inf,0,,0
GA,2024,1773,1313,2266,261320.0,4405730.0,6.784784938007041,8.671360783713455,5.024491045461503,inf,0,,0
HI,2017,150,145,176,32800.0,544056.0,4.573170731707317,5.365853658536586,4.420731707317072,inf,0,,0
HI,2018,141,138,161,32952.0,551681.0,4.278951201747997,4.885894634620054,4.187909686817188,inf,0,,0
HI,2019,137,134,161,32889.0,553206.0,4.165526467815988,4.895253732250905,4.0743105597616225,inf,0,,0
HI,2020,154,149,173,32627.0,549375.0,4.720017163698777,5.3023569436356395,4.566769853189077,inf,0,,0
HI,2021,192,182,206,32488.0,469179.0,5.9098744151686775,6.340802757941394,5.602068456045309,inf,0,,0
HI,2022,170,157,185,32863.0,507390.0,5.172990901621884,5.6294312752944045,4.777409244439035,inf,0,,0
HI,2023,186,163,200,32911.0,520043.0,5.651605846069703,6.076995533408283,4.95275135972775,inf,0,,0
HI,2024,313,223,316,32911.0,520043.0,9.510498009783962,9.601652942785087,6.775850019750235,inf,0,,0
IA,2017,305,295,318,82685.0,1353681.0,3.6886980709923205,3.8459212674608456,3.567757150631916,inf,0,,0
IA,2018,288,285,312,82894.0,1364250.0,3.474316597099911,3.76384298019157,3.4381257992134535,inf,0,,0
IA,2019,271,259,293,82770.0,1380747.0,3.2741331400265796,3.5399299263018005,3.1291530747855503,inf,0,,0
IA,2020,249,238,283,82440.0,1390551.0,3.02037845705968,3.432799611838913,2.8869480834546337,inf,0,,0
IA,2021,336,315,370,82997.0,1352146.0,4.048339096593852,4.457992457558707,3.7953179030567368,inf,0,,0
IA,2022,396,373,422,83560.0,1386299.0,4.739109621828626,5.050263283867879,4.463858305409286,inf,0,,0
IA,2023,373,333,399,83321.0,1415652.0,4.476662546056816,4.7887087288918755,3.9965914955413404,inf,0,,0
IA,2024,334,242,350,83321.0,1415652.0,4.008593271804227,4.200621692010418,2.9044298556186314,inf,0,,0
ID,2017,214,205,241,47574.0,578134.0,4.498255349560685,5.065792239458528,4.309076386261403,inf,0,,0
ID,2018,227,219,247,49267.0,597765.0,4.6075466336492985,5.013497878904744,4.445166135547121,inf,0,,0
ID,2019,210,202,233,50547.0,616778.0,4.154549231408392,4.609571290086453,3.9962806892595006,inf,0,,0
ID,2020,258,244,286,51957.0,637810.0,4.965644667705988,5.504551840945397,4.696191081086283,inf,0,,0
ID,2021,363,340,395,54864.0,645239.0,6.616360454943131,7.199620880723243,6.197142023913678,inf,0,,0
ID,2022,371,321,388,57209.0,689589.0,6.484993619884984,6.782149661766506,5.611005261409917,inf,0,,0
ID,2023,310,266,330,58100.0,709721.0,5.335628227194492,5.679862306368331,4.578313253012048,inf,0,,0
ID,2024,348,236,366,58100.0,709721.0,5.989672977624784,6.29948364888124,4.061962134251291,inf,0,,0
IL,2017,1490,1426,1710,321135.0,5497629.0,4.6397932333753715,5.324863375216031,4.440500101203543,2018.0,0,-1.0,2018
IL,2018,1495,1445,1661,320965.0,5524630.0,4.657828735220351,5.1750190830775935,4.502048509962146,2018.0,1,0.0,2018
IL,2019,1824,1733,1995,320417.0,5530388.0,5.692581854271153,6.226261403109073,5.408576948164423,2018.0,1,1.0,2018
IL,2020,1586,1500,1837,318689.0,5545538.0,4.976638666536968,5.764240372275165,4.706783102021093,2018.0,1,2.0,2018
IL,2021,1851,1688,2085,320795.0,5270871.0,5.770040056734051,6.499477859692327,5.261927399117816,2018.0,1,3.0,2018
IL,2022,2196,1966,2348,322349.0,5533883.0,6.812492050541493,7.284030662418683,6.098979677306273,2018.0,1,4.0,2018
IL,2023,3121,2816,3264,322415.0,5661761.0,9.680070716312827,10.123598467813222,8.734084952623173,2018.0,1,5.0,2018
IL,2024,2829,2167,2962,322415.0,5661761.0,8.774405657305026,9.186917482127072,6.721151311198301,2018.0,1,6.0,2018
IN,2017,617,597,760,148377.0,2779124.0,4.158326425254588,5.122087655094792,4.023534644857357,inf,0,,0
IN,2018,584,573,683,148304.0,2816081.0,3.9378573740425074,4.605405113820261,3.8636854029560905,inf,0,,0
IN,2019,587,571,774,148917.0,2834056.0,3.941793079366359,5.19752613872157,3.8343506785659125,inf,0,,0
IN,2020,586,545,1087,148724.0,2821903.0,3.9401845028374707,7.308840536833329,3.664506064925634,inf,0,,0
IN,2021,748,689,1304,150912.0,2754576.0,4.956530958439355,8.640797285835452,4.565574639525021,inf,0,,0
IN,2022,766,697,1096,153748.0,2875908.0,4.982178629965918,7.128548013632698,4.533392304290137,inf,0,,0
IN,2023,805,727,1043,155692.0,2924989.0,5.170464763764355,6.6991239113120775,4.669475631374765,inf,0,,0
IN,2024,845,648,1047,155692.0,2924989.0,5.427382267553888,6.724815661691031,4.162063561390437,inf,0,,0
KS,2017,281,269,331,74947.0,1199162.0,3.7493161834362954,4.41645429436802,3.589203036812681,inf,0,,0
KS,2018,316,311,348,74559.0,1203434.0,4.238254268431712,4.667444574095682,4.171193283171716,inf,0,,0
KS,2019,291,274,328,74292.0,1209318.0,3.9169762558552734,4.415011037527594,3.6881494642761,inf,0,,0
KS,2020,287,279,355,73982.0,1207003.0,3.8793219972425725,4.798464491362764,3.771187586169609,inf,0,,0
KS,2021,371,338,439,75057.0,1188432.0,4.942910055024847,5.848888178317812,4.5032442010738505,inf,0,,0
KS,2022,403,362,435,75991.0,1225232.0,5.303259596531168,5.724362095511311,4.76372201971286,inf,0,,0
KS,2023,375,337,407,76139.0,1248825.0,4.925202589999868,5.3454865443465245,4.426115394213215,inf,0,,0
KS,2024,353,266,372,76139.0,1248825.0,4.636257371386543,4.88580096927987,3.4936103705065737,inf,0,,0
KY,2017,348,343,398,91241.0,1625006.0,3.8140748128582542,4.362074067579268,3.759274887386153,inf,0,,0
KY,2018,298,290,346,91079.0,1642234.0,3.271884847220545,3.7988998561688203,3.1840490123958323,inf,0,,0
KY,2019,336,323,591,91219.0,1666637.0,3.6834431423278047,6.478913384273013,3.540928973130598,inf,0,,0
KY,2020,306,288,1502,90922.0,1666427.0,3.3655220958623877,16.519654209102306,3.1675502078704825,inf,0,,0
KY,2021,336,319,1177,92130.0,1617040.0,3.6470205144903938,12.775426028438076,3.4624986432215348,inf,0,,0
KY,2022,376,342,1006,93549.0,1667694.0,4.01928401158751,10.75372264802403,3.6558381169226823,inf,0,,0
KY,2023,394,349,1013,94402.0,1708602.0,4.17364038897481,10.730704857947925,3.6969555729751487,inf,0,,0
KY,2024,375,278,1068,94402.0,1708602.0,3.9723734666638415,11.313319633058622,2.944852863286795,inf,0,,0
LA,2017,354,341,401,106599.0,1688674.0,3.3208566684490477,3.7617613673674235,3.198904304918433,inf,0,,0
LA,2018,387,377,431,106359.0,1691552.0,3.6386201449806785,4.05231339143843,3.544598952603917,inf,0,,0
LA,2019,381,362,425,106302.0,1719561.0,3.5841282384150817,3.998043310568004,3.405392184530865,inf,0,,0
LA,2020,348,333,384,106230.0,1703353.0,3.275910759672409,3.61479807963852,3.1347077096865292,inf,0,,0
LA,2021,444,417,475,107464.0,1592665.0,4.131616169135711,4.42008486562942,3.880369239931512,inf,0,,0
LA,2022,489,445,524,108161.0,1644036.0,4.521038082118324,4.844629764887529,4.11423710949418,inf,0,,0
LA,2023,498,434,526,108561.0,1697330.0,4.587282725840772,4.845202236530614,3.9977524156925597,inf,0,,0
LA,2024,468,354,496,108561.0,1697330.0,4.3109403929587975,4.56885990364864,3.2608395280072955,inf,0,,0
MA,2017,1629,1559,1731,179828.0,3316716.0,9.058656049113598,9.625864715172275,8.669395199857643,inf,0,,0
MA,2018,1812,1759,1910,180307.0,3323852.0,10.049526640673962,10.593044085920125,9.755583532530629,inf,0,,0
MA,2019,1807,1698,1900,181061.0,3386372.0,9.98006196806601,10.493701017888998,9.378054909671325,inf,0,,0
MA,2020,1756,1633,1843,179456.0,3390833.0,9.78512838801712,10.269926890156919,9.099723609129814,inf,0,,0
MA,2021,1715,1573,1793,180088.0,3175568.0,9.523122029230155,9.956243614233042,8.734618630891564,inf,0,,0
MA,2022,1688,1484,1766,182919.0,3396919.0,9.228128297224453,9.654546547925586,8.1128805646215,inf,0,,0
MA,2023,1633,1437,1712,183767.0,3487228.0,8.886252700430436,9.31614490087992,7.819684709441848,inf,0,,0
MA,2024,1716,1210,1770,183767.0,3487228.0,9.337911594573564,9.631761959437766,6.584424842327513,inf,0,,0
MD,2017,963,941,1060,139446.0,2335479.0,6.905899057699755,7.601508827789969,6.748131893349397,2022.0,0,-5.0,2022
MD,2018,961,933,1042,139497.0,2366053.0,6.889037040223088,7.469694688774669,6.688315877760812,2022.0,0,-4.0,2022
MD,2019,1005,969,1094,139449.0,2380865.0,7.206935869027387,7.845162030563145,6.948776972226406,2022.0,0,-3.0,2022
MD,2020,975,918,1050,139734.0,2405968.0,6.9775430460732535,7.514277126540427,6.569625144918201,2022.0,0,-2.0,2022
MD,2021,1199,1107,1259,141217.0,2283019.0,8.490479191598746,8.915357216199183,7.838999553878074,2022.0,0,-1.0,2022
MD,2022,1399,1257,1455,142481.0,2436501.0,9.818853040054464,10.21188790084292,8.82222892876945,2022.0,1,0.0,2022
MD,2023,1625,1451,1666,142967.0,2468367.0,11.366259346562494,11.653038813152685,10.149195268838264,2022.0,1,1.0,2022
MD,2024,1662,1256,1716,142967.0,2468367.0,11.6250603286073,12.002769869969994,8.785244147250765,2022.0,1,2.0,2022
ME,2017,199,198,213,41622.0,513745.0,4.781125366392772,5.117485944932969,4.75709961078276,2024.0,0,-7.0,2024
ME,2018,182,175,192,41727.0,516240.0,4.361684281160879,4.601337263642246,4.193927193423922,2024.0,0,-6.0,2024
ME,2019,176,168,188,41843.0,522191.0,4.206199364290323,4.4929856845828455,4.015008484095309,2024.0,0,-5.0,2024
ME,2020,173,169,184,41646.0,520969.0,4.154060413965326,4.418191422945781,4.0580127743360705,2024.0,0,-4.0,2024
ME,2021,253,236,270,42519.0,504710.0,5.950281050824338,6.350102307203839,5.550459794444836,2024.0,0,-3.0,2024
ME,2022,246,218,260,43185.0,533151.0,5.696422368878083,6.020609007757323,5.048049091119602,2024.0,0,-2.0,2024
ME,2023,295,262,310,43345.0,548469.0,6.80585996077979,7.151920636751644,6.044526473641712,2024.0,0,-1.0,2024
ME,2024,471,362,483,43345.0,548469.0,10.866305225516207,11.14315376629369,8.351597646787404,2024.0,1,0.0,2024
MI,2017,1192,1160,1324,222553.0,3859949.0,5.356027552987379,5.949144698116854,5.212241578410536,inf,0,,0
MI,2018,1206,1168,1294,222656.0,3947891.0,5.416427134233976,5.811655648174763,5.245760275941362,inf,0,,0
MI,2019,1136,1082,1263,222226.0,3978872.0,5.111913097477343,5.683403382142504,4.868917228407118,inf,0,,0
MI,2020,1108,1040,1204,221060.0,4000120.0,5.0122138785849994,5.446485117162761,4.704605084592418,inf,0,,0
MI,2021,1407,1325,1505,224676.0,3768321.0,6.262351118944614,6.698534778970607,5.897381117698375,inf,0,,0
MI,2022,1509,1365,1608,227870.0,3939076.0,6.622196866634485,7.056655110369948,5.990257603019265,inf,0,,0
MI,2023,1396,1222,1502,229564.0,4041074.0,6.081092854280287,6.542837727169766,5.323134289348504,inf,0,,0
MI,2024,1414,1040,1494,229564.0,4041074.0,6.159502360997369,6.507989057517729,4.530327054764685,inf,0,,0
MN,2017,872,847,954,151816.0,2685047.0,5.743795120408916,6.283922643199663,5.579122095167835,inf,0,,0
MN,2018,839,809,914,151595.0,2729492.0,5.5344833272865195,6.029222599689963,5.336587618325142,inf,0,,0
MN,2019,818,781,891,151495.0,2729420.0,5.399518135912077,5.881382223835771,5.155285652991848,inf,0,,0
MN,2020,767,720,823,150819.0,2738254.0,5.085566142196938,5.456872144756297,4.7739343186203325,inf,0,,0
MN,2021,934,876,1004,152836.0,2627416.0,6.1111256510246275,6.5691329267973515,5.731633908241514,inf,0,,0
MN,2022,1058,944,1105,154314.0,2732522.0,6.856150446492218,7.160724237593478,6.117396995735967,inf,0,,0
MN,2023,939,823,1009,154455.0,2803410.0,6.079440613771001,6.532647049302386,5.328412806318993,inf,0,,0
MN,2024,1311,1029,1371,154455.0,2803410.0,8.487909099737788,8.876371758764689,6.662134602311353,inf,0,,0
MO,2017,554,541,665,150882.0,2517204.0,3.671743481661166,4.407417717156453,3.5855834360626186,inf,0,,0
MO,2018,558,541,1115,153710.0,2533694.0,3.630212738273372,7.253919718951272,3.519614859150348,inf,0,,0
MO,2019,568,539,1328,151816.0,2547310.0,3.7413711334773674,8.747431100806239,3.550350424197713,inf,0,,0
MO,2020,595,556,1599,150761.0,2566786.0,3.946644025974887,10.606191256359404,3.6879564343563653,inf,0,,0
MO,2021,651,602,1603,152286.0,2478144.0,4.27485126669556,10.526246667454657,3.9530882681270767,inf,0,,0
MO,2022,674,602,1350,153767.0,2564383.0,4.383255184792576,8.779517061528157,3.9150142748444074,inf,0,,0
MO,2023,733,645,1355,151475.0,2631543.0,4.839082356824559,8.945370523188645,4.258128404027067,inf,0,,0
MO,2024,664,484,1128,151475.0,2631543.0,4.383561643835616,7.446773394949662,3.1952467403862026,inf,0,,0
MS,2017,118,116,140,59294.0,939485.0,1.9900833136573683,2.3611157958646745,1.9563530880021587,inf,0,,0
MS,2018,138,134,155,59271.0,944890.0,2.328288707799767,2.6151068819490138,2.26080207858818,inf,0,,0
MS,2019,128,120,144,59130.0,958126.0,2.164721799424996,2.4353120243531206,2.0294266869609334,inf,0,,0
MS,2020,123,112,148,58897.0,949927.0,2.088391598892983,2.5128614360663533,1.9016248705366996,inf,0,,0
MS,2021,171,160,196,59805.0,930852.0,2.8592927012791574,3.2773179500041802,2.675361591840147,inf,0,,0
MS,2022,184,154,204,60469.0,944580.0,3.0428814764590117,3.373629463030644,2.5467594966015645,inf,0,,0
MS,2023,155,136,164,60465.0,956079.0,2.5634664682047466,2.7123129082940545,2.2492350946828745,inf,0,,0
MS,2024,189,130,197,60465.0,956079.0,3.1257752418754654,3.2580831886215167,2.150004134623336,inf,0,,0
MT,2017,141,136,157,38192.0,376565.0,3.6918726434855467,4.110808546292417,3.5609551738583995,inf,0,,0
MT,2018,124,117,135,38720.0,371239.0,3.2024793388429753,3.4865702479338845,3.021694214876033,inf,0,,0
MT,2019,119,115,135,38959.0,375176.0,3.0544931851433557,3.4651813444903614,2.9518211453066043,inf,0,,0
MT,2020,155,143,167,39505.0,377638.0,3.9235539805087964,4.227312998354639,3.619794962662954,inf,0,,0
MT,2021,192,173,200,40716.0,380268.0,4.715590922487474,4.912073877591119,4.248943904116318,inf,0,,0
MT,2022,249,227,254,42015.0,398871.0,5.9264548375580155,6.045459954778056,5.402832321789837,inf,0,,0
MT,2023,215,190,223,42566.0,409312.0,5.0509796551238075,5.23892308415167,4.463656439411737,inf,0,,0
MT,2024,224,159,237,42566.0,409312.0,5.262416012780154,5.567824084950431,3.7353756519287695,inf,0,,0
NC,2017,1156,1119,1292,233363.0,3774377.0,4.953655892322262,5.536438938477822,4.7951046224122935,inf,0,,0
NC,2018,1241,1207,1371,234948.0,3848565.0,5.282019851201118,5.8353337759844734,5.137306978565469,inf,0,,0
NC,2019,1323,1265,1460,238015.0,3932620.0,5.558473205470244,6.134067180639875,5.314791084595509,inf,0,,0
NC,2020,1246,1176,1472,240760.0,3962754.0,5.175278285429473,6.113972420667885,4.88453231433793,inf,0,,0
NC,2021,1481,1347,1640,247458.0,3903814.0,5.984853995425486,6.627387273799998,5.443347962078413,inf,0,,0
NC,2022,1631,1440,1752,254636.0,4106761.0,6.405221571183965,6.880409682841389,5.655131246171004,inf,0,,0
NC,2023,1661,1470,1775,258169.0,4279425.0,6.433770127319701,6.875341346172468,5.693944664154101,inf,0,,0
NC,2024,1830,1337,1942,258169.0,4279425.0,7.0883800921102065,7.522204447474329,5.178778242159206,inf,0,,0
ND,2017,57,57,61,24596.0,340521.0,2.3174499918685965,2.48007806147341,2.3174499918685965,inf,0,,0
ND,2018,84,82,88,24566.0,346155.0,3.419360091182936,3.582186762191647,3.3379467556785802,inf,0,,0
ND,2019,83,79,93,24654.0,353333.0,3.3665936562018337,3.7722073497201265,3.204348178794516,inf,0,,0
ND,2020,79,79,84,24510.0,355103.0,3.223174214606283,3.427172582619339,3.223174214606283,inf,0,,0
ND,2021,92,85,100,24816.0,332684.0,3.7072856221792394,4.029658284977434,3.4252095422308186,inf,0,,0
ND,2022,91,80,102,25098.0,342345.0,3.625786915292055,4.064068850107579,3.1875049804765316,inf,0,,0
ND,2023,125,112,134,25402.0,352108.0,4.920872372254154,5.275175183056452,4.409101645539721,inf,0,,0
ND,2024,108,80,112,25402.0,352108.0,4.251633729627589,4.409101645539721,3.149358318242658,inf,0,,0
NE,2017,219,208,246,54954.0,833472.0,3.9851512173818104,4.476471230483678,3.7849838046366053,inf,0,,0
NE,2018,184,177,216,54875.0,845616.0,3.353075170842825,3.93621867881549,3.225512528473804,inf,0,,0
NE,2019,191,183,220,54939.0,856242.0,3.4765831194597645,4.004441289430096,3.3309670725713976,inf,0,,0
NE,2020,197,187,293,54791.0,866139.0,3.5954810096548706,5.347593582887701,3.4129692832764507,inf,0,,0
NE,2021,254,247,420,55542.0,851783.0,4.573115840265025,7.561845090202009,4.447085088761658,inf,0,,0
NE,2022,305,275,336,56319.0,890050.0,5.415579111845026,5.966015021573536,4.882899199204531,inf,0,,0
NE,2023,289,264,316,56503.0,923066.0,5.1147726669380384,5.592623400527406,4.6723182839849215,inf,0,,0
NE,2024,308,227,324,56503.0,923066.0,5.451037997982408,5.734208803072403,4.017485797214307,inf,0,,0
NH,2017,249,240,272,38371.0,603923.0,6.4892757551275695,7.08868676865341,6.2547236194000675,inf,0,,0
NH,2018,243,234,261,38375.0,612420.0,6.332247557003257,6.801302931596092,6.09771986970684,inf,0,,0
NH,2019,279,269,290,38494.0,620164.0,7.247882786927833,7.533641606484127,6.988102041876656,inf,0,,0
NH,2020,266,254,288,38350.0,621263.0,6.936114732724903,7.509778357235985,6.6232073011734025,inf,0,,0
NH,2021,328,305,353,38825.0,586840.0,8.448164842240825,9.092079845460399,7.8557630392788145,inf,0,,0
NH,2022,313,277,320,39348.0,615249.0,7.954660973874149,8.132560740063028,7.0397478906170585,inf,0,,0
NH,2023,296,260,322,39298.0,628166.0,7.53218993332994,8.19380121125757,6.616112779276299,inf,0,,0
NH,2024,328,237,347,39298.0,628166.0,8.346480736933177,8.8299659015726,6.030841264186472,inf,0,,0
NJ,2017,1665,1608,1871,233907.0,3679443.0,7.1182136490143515,7.998905547931442,6.874527055624672,2024.0,0,-7.0,2024
NJ,2018,1790,1733,1998,233806.0,3739076.0,7.655919865187377,8.545546307622558,7.4121280035585055,2024.0,0,-6.0,2024
NJ,2019,1702,1630,1861,233888.0,3805357.0,7.276987275961144,7.956799835818854,6.969147626214256,2024.0,0,-5.0,2024
NJ,2020,1587,1491,1795,232761.0,3819722.0,6.8181525255519615,7.71177302039431,6.405712297163185,2024.0,0,-4.0,2024
NJ,2021,1910,1781,2102,233950.0,3570543.0,8.164137636247062,8.984825817482369,7.61273776447959,2024.0,0,-3.0,2024
NJ,2022,2236,2051,2375,237499.0,3813702.0,9.414776483269403,10.000042105440443,8.635825835056147,2024.0,0,-2.0,2024
NJ,2023,2001,1827,2119,237968.0,3945019.0,8.408693605862974,8.904558596113763,7.677502857527062,2024.0,0,-1.0,2024
NJ,2024,2129,1722,2241,237968.0,3945019.0,8.946581052914679,9.41723256908492,7.236267061117461,2024.0,1,0.0,2024
NM,2017,150,143,163,44039.0,626466.0,3.4060718908240424,3.7012647880287926,3.247121869252254,inf,0,,0
NM,2018,160,160,175,43830.0,631393.0,3.650467716176135,3.9926990645676477,3.650467716176135,inf,0,,0
NM,2019,170,165,190,43804.0,644537.0,3.880924116519039,4.337503424344809,3.766779289562597,inf,0,,0
NM,2020,188,178,203,43587.0,651756.0,4.313212655149472,4.657351962741184,4.083786450088329,inf,0,,0
NM,2021,178,169,188,43953.0,606085.0,4.0497804472959755,4.277296202762042,3.8450162673765163,inf,0,,0
NM,2022,231,201,245,44850.0,639118.0,5.150501672240803,5.462653288740245,4.481605351170569,inf,0,,0
NM,2023,200,177,212,44861.0,658702.0,4.458215376384833,4.725708298967922,3.945520608100577,inf,0,,0
NM,2024,223,144,236,44861.0,658702.0,4.970910144669088,5.260694144134103,3.20991507099708,inf,0,,0
NV,2017,442,417,490,66430.0,1191625.0,6.653620352250489,7.37618545837724,6.27728435947614,inf,0,,0
NV,2018,486,468,538,67845.0,1221809.0,7.1633871324342255,7.929840076645295,6.898076497899623,inf,0,,0
NV,2019,473,443,523,68567.0,1261577.0,6.898362185891172,7.627575947613283,6.460833928857905,inf,0,,0
NV,2020,557,515,611,70621.0,1275946.0,7.887172370824542,8.651817448067854,7.292448421857521,inf,0,,0
NV,2021,681,624,739,73505.0,1157850.0,9.264675872389633,10.0537378409632,8.489218420515611,inf,0,,0
NV,2022,714,615,755,76393.0,1286578.0,9.346406084327096,9.883104472922911,8.050475828937207,inf,0,,0
NV,2023,671,603,712,77297.0,1345222.0,8.68080261847161,9.211224238974346,7.801078955198779,inf,0,,0
NV,2024,844,654,875,77297.0,1345222.0,10.918923114739254,11.319973608290102,8.460871702653403,inf,0,,0
NY,2017,3255,3126,3660,547034.0,8261269.0,5.950270001498993,6.690626176800711,5.714452849365853,inf,0,,0
NY,2018,3469,3371,3832,547194.0,8410206.0,6.33961629696232,7.003000763897265,6.160520765944071,inf,0,,0
NY,2019,3402,3228,3769,547351.0,8597216.0,6.215390124435691,6.885892233685515,5.897495391439862,inf,0,,0
NY,2020,3395,3143,3758,537369.0,8617513.0,6.31781885445569,6.993332328437257,5.848867351856917,inf,0,,0
NY,2021,3588,3300,3940,535758.0,7887280.0,6.697053520432733,7.35406657483416,6.159497385013383,inf,0,,0
NY,2022,4244,3763,4545,540271.0,8429776.0,7.855317053848902,8.412444865632247,6.96502310877319,inf,0,,0
NY,2023,4112,3665,4380,541313.0,8767091.0,7.596344443972341,8.09143693205225,6.770574510495776,inf,0,,0
NY,2024,3962,2878,4112,541313.0,8767091.0,7.319240439450003,7.596344443972341,5.31670216676858,inf,0,,0
OH,2017,1148,1107,2001,253001.0,4815946.0,4.537531472207619,7.909059647985582,4.375476776771634,inf,0,,0
OH,2018,1205,1148,2192,251937.0,4878062.0,4.782941767187829,8.700587845374043,4.556694729237865,inf,0,,0
OH,2019,1185,1120,2731,250981.0,4916956.0,4.721472940182723,10.881301771847271,4.462489192408987,inf,0,,0
OH,2020,1229,1159,3678,249857.0,4978720.0,4.918813561357096,14.720420080285923,4.638653309693145,inf,0,,0
OH,2021,1276,1176,3066,252241.0,4822238.0,5.058654223540185,12.155042201703926,4.662207967776848,inf,0,,0
OH,2022,1332,1206,3154,254594.0,4963808.0,5.231859352537765,12.388351650078164,4.736953738108518,inf,0,,0
OH,2023,1187,1023,2373,255049.0,5081279.0,4.654007661272932,9.304094507329964,4.010993965865382,inf,0,,0
OH,2024,1233,895,2242,255049.0,5081279.0,4.8343651612043175,8.790467714047104,3.5091296182302223,inf,0,,0
OK,2017,284,275,343,93674.0,1360720.0,3.0317911053227147,3.6616350321327156,2.9357132181822063,inf,0,,0
OK,2018,340,326,387,93561.0,1385228.0,3.633992796143692,4.136338859140026,3.4843577986554224,inf,0,,0
OK,2019,337,321,360,93761.0,1404725.0,3.5942449419268137,3.839549492859504,3.423598297799725,inf,0,,0
OK,2020,329,306,371,93595.0,1405824.0,3.515145039799134,3.9638869597734923,3.269405416956034,inf,0,,0
OK,2021,362,335,398,94751.0,1346568.0,3.8205401526105267,4.200483372207153,3.535582737913056,inf,0,,0
OK,2022,440,394,472,95748.0,1390468.0,4.595396248485608,4.9296068847391075,4.114968458871203,inf,0,,0
OK,2023,380,316,414,96402.0,1431690.0,3.9418269330511815,4.29451671127155,3.2779402916951934,inf,0,,0
OK,2024,448,332,479,96402.0,1431690.0,4.64720648949192,4.968776581398727,3.44391195203419,inf,0,,0
OR,2017,636,601,684,117357.0,1596637.0,5.419361435619519,5.828369845854955,5.121126136489515,2017.0,1,0.0,2017
OR,2018,826,797,889,118586.0,1629432.0,6.965409070210649,7.496669084040275,6.720860809876377,2017.0,1,1.0,2017
OR,2019,968,883,1017,119074.0,1643425.0,8.129398525286796,8.540907334934579,7.415556712632481,2017.0,1,2.0,2017
OR,2020,852,788,885,118927.0,1664087.0,7.164058624198037,7.4415397680930315,6.625913375431987,2017.0,1,3.0,2017
OR,2021,876,787,907,120704.0,1575613.0,7.257423117709438,7.514249734888653,6.520082184517498,2017.0,1,4.0,2017
OR,2022,951,793,994,122397.0,1666806.0,7.769798279369592,8.121114079593454,6.478916966919124,2017.0,1,5.0,2017
OR,2023,1321,1114,1363,122451.0,1697911.0,10.787988664853696,11.130983005447078,9.097516557643466,2017.0,1,6.0,2017
OR,2024,1117,706,1146,122451.0,1697911.0,9.122016153400136,9.358845579047946,5.765571534736344,2017.0,1,7.0,2017
PA,2017,1458,1403,1648,302772.0,5433660.0,4.815504736237169,5.443039646995098,4.633849893649347,inf,0,,0
PA,2018,1518,1466,1680,303492.0,5478025.0,5.001779289075166,5.535566011624689,4.830440341096306,inf,0,,0
PA,2019,1563,1492,1737,303224.0,5557885.0,5.1546051763712635,5.7284383821861065,4.920454845262908,inf,0,,0
PA,2020,1582,1496,1736,302018.0,5574417.0,5.2380983914866,5.7480017747286585,4.953347151494282,inf,0,,0
PA,2021,1835,1695,2006,304633.0,5279905.0,6.023641562141987,6.584972737687644,5.564072178654315,inf,0,,0
PA,2022,1958,1778,2083,307685.0,5584830.0,6.3636511367144974,6.769910785381153,5.778637242634513,inf,0,,0
PA,2023,1814,1649,1961,307065.0,5713846.0,5.907544005340889,6.386270007978767,5.370198492175923,inf,0,,0
PA,2024,1742,1322,1850,307065.0,5713846.0,5.67306596323254,6.024783026395063,4.305277384267175,inf,0,,0
RI,2017,217,215,227,28783.0,435978.0,7.5391724281694055,7.886599729006705,7.4696869680019455,inf,0,,0
RI,2018,215,208,230,28748.0,442449.0,7.478781132600529,8.00055656045638,7.235285932934465,inf,0,,0
RI,2019,188,181,196,28801.0,444948.0,6.52755112669699,6.805319259747925,6.284504010277421,inf,0,,0
RI,2020,201,188,213,28586.0,445846.0,7.031413978870775,7.451199888057091,6.576645910585602,inf,0,,0
RI,2021,195,180,208,28989.0,412761.0,6.726689433923212,7.17513539618476,6.209251785159888,inf,0,,0
RI,2022,195,171,206,29490.0,439021.0,6.612410986775178,6.985418786029162,5.798575788402848,inf,0,,0
RI,2023,209,185,218,29510.0,444256.0,7.082344967807522,7.387326330057608,6.26906133514063,inf,0,,0
RI,2024,271,211,284,29510.0,444256.0,9.183327685530328,9.623856319891562,7.150118603863097,inf,0,,0
SC,2017,541,518,621,109238.0,1866451.0,4.952489060583313,5.684834947545726,4.74193961808162,inf,0,,0
SC,2018,524,505,595,110325.0,1903609.0,4.74960344436891,5.393156582823476,4.577384998866984,inf,0,,0
SC,2019,536,504,603,111926.0,1949406.0,4.788878366063291,5.387488161821203,4.5029751800296625,inf,0,,0
SC,2020,556,528,643,113383.0,1986776.0,4.903733363908169,5.671044160059268,4.656782762848046,inf,0,,0
SC,2021,716,660,810,116896.0,1936015.0,6.125102655351766,6.929236244182864,5.646044347111963,inf,0,,0
SC,2022,791,703,854,120769.0,2013315.0,6.549694044001358,7.071351091753678,5.821030231267957,inf,0,,0
SC,2023,813,722,865,122958.0,2067143.0,6.61201385839067,7.034922493859692,5.871923746319882,inf,0,,0
SC,2024,816,640,861,122958.0,2067143.0,6.636412433513883,7.002391060362075,5.205029359618732,inf,0,,0
SD,2017,79,78,84,27099.0,359643.0,2.915236724602384,3.099745378058231,2.8783349939112144,inf,0,,0
SD,2018,85,82,92,27100.0,359771.0,3.1365313653136533,3.394833948339483,3.025830258302583,inf,0,,0
SD,2019,60,59,65,27108.0,358943.0,2.213368747233289,2.397816142836063,2.1764792681127343,inf,0,,0
SD,2020,78,76,92,27236.0,364440.0,2.863856660302541,3.377882214715817,2.7904244382435013,inf,0,,0
SD,2021,118,111,140,27951.0,363923.0,4.221673643161246,5.008765339343852,3.971235376194054,inf,0,,0
SD,2022,121,108,129,28857.0,373863.0,4.193090064802301,4.470319159995841,3.7425927851127976,inf,0,,0
SD,2023,133,122,144,29106.0,383805.0,4.56950456950457,4.94743351886209,4.191575620147049,inf,0,,0
SD,2024,113,88,116,29106.0,383805.0,3.8823610252181684,3.985432556861128,3.0234315948601664,inf,0,,0
TN,2017,565,537,670,137918.0,2650007.0,4.096637132208994,4.857959077132789,3.8936179468959815,inf,0,,0
TN,2018,656,640,744,138269.0,2683214.0,4.744375094923663,5.380815656437814,4.628658629193818,inf,0,,0
TN,2019,646,611,733,139760.0,2724545.0,4.622209502003435,5.244705208929593,4.3717801946193475,inf,0,,0
TN,2020,633,585,730,140905.0,2760605.0,4.492388488698059,5.1807955714843335,4.151733437422377,inf,0,,0
TN,2021,808,757,901,144457.0,2704416.0,5.593359961787937,6.2371501554095685,5.240313726576074,inf,0,,0
TN,2022,951,833,1022,147924.0,2846881.0,6.428977042264947,6.908953246261594,5.631270111678971,inf,0,,0
TN,2023,869,760,957,150129.0,2971417.0,5.7883553477342815,6.374517914593449,5.062313077420086,inf,0,,0
TN,2024,871,625,945,150129.0,2971417.0,5.801677224253808,6.29458665547629,4.163086412352044,inf,0,,0
TX,2017,2861,2721,3454,592677.0,10580160.0,4.827249918589721,5.827794903463437,4.591033564656635,inf,0,,0
TX,2018,3093,2978,3602,600747.0,10794596.0,5.148590005443223,5.9958684770793695,4.957161667057846,inf,0,,0
TX,2019,3361,3129,3776,609476.0,11104054.0,5.514573174333362,6.195485958429865,5.133918316717967,inf,0,,0
TX,2020,3393,3195,3984,618272.0,11210906.0,5.487875886341286,6.443765850628849,5.167628487138346,inf,0,,0
TX,2021,3994,3594,4521,638183.0,10798364.0,6.25839296878795,7.084174915345598,5.631613502710038,inf,0,,0
TX,2022,4527,3912,4901,657362.0,11507642.0,6.88661650658237,7.455557212007995,5.951058929478735,inf,0,,0
TX,2023,4191,3644,4602,670878.0,12012629.0,6.247037464337778,6.859667480525521,5.431688026735115,inf,0,,0
TX,2024,4427,3123,4774,670878.0,12012629.0,6.598815283851907,7.116047925256157,4.655093772638244,inf,0,,0
UT,2017,491,476,548,80140.0,1282455.0,6.126778138258048,6.838033441477415,5.939605690042426,inf,0,,0
UT,2018,511,501,556,82260.0,1337574.0,6.212010697787503,6.75905664964746,6.090444930707513,inf,0,,0
UT,2019,474,459,523,83924.0,1373876.0,5.647967208426672,6.231828797483438,5.469234068919499,inf,0,,0
UT,2020,527,494,583,86927.0,1405666.0,6.062558238521978,6.706776950774788,5.682929354515858,inf,0,,0
UT,2021,677,618,724,90301.0,1433829.0,7.497148425820312,8.017629926578886,6.843778031251039,inf,0,,0
UT,2022,652,567,699,93706.0,1521640.0,6.957932256205579,7.459500992465797,6.0508398608413545,inf,0,,0
UT,2023,620,546,669,95494.0,1579974.0,6.492554506042265,7.005675749261734,5.717636710159801,inf,0,,0
UT,2024,721,523,774,95494.0,1579974.0,7.550212578800762,8.105221270446311,5.476783881709846,inf,0,,0
VA,2017,1096,1048,1198,201893.0,3310542.0,5.42861812940518,5.9338362399885085,5.190868430307143,2023.0,0,-6.0,2023
VA,2018,1153,1115,1239,202379.0,3386839.0,5.697231432114992,6.122176708057654,5.509464914838002,2023.0,0,-5.0,2023
VA,2019,1205,1130,1315,203467.0,3455993.0,5.922336300235419,6.462964510215416,5.553726157067239,2023.0,0,-4.0,2023
VA,2020,1172,1092,1265,204131.0,3483867.0,5.741411152642176,6.197000945471291,5.349505954509604,2023.0,0,-3.0,2023
VA,2021,1385,1271,1497,206271.0,3340509.0,6.714467860242109,7.257442878543276,6.161796859471278,2023.0,0,-2.0,2023
VA,2022,1461,1273,1586,209244.0,3494956.0,6.982279061765212,7.579667756303645,6.083806465179408,2023.0,0,-1.0,2023
VA,2023,1729,1552,1817,210842.0,3581650.0,8.200453420096565,8.61782756756244,7.360962237125431,2023.0,1,0.0,2023
VA,2024,1811,1330,1947,210842.0,3581650.0,8.589370239326131,9.234403012682483,6.308041092381973,2023.0,1,1.0,2023
VT,2017,66,65,74,21158.0,258876.0,3.1193874657340013,3.4974950373381226,3.072124019283486,inf,0,,0
VT,2018,85,82,98,21019.0,261282.0,4.043960226461773,4.6624482610971025,3.9012322184690045,inf,0,,0
VT,2019,89,85,99,20829.0,261196.0,4.272888760862259,4.7529886216333,4.080848816553844,inf,0,,0
VT,2020,97,91,102,20540.0,258423.0,4.722492697176241,4.965920155793574,4.4303797468354436,inf,0,,0
VT,2021,112,102,125,20696.0,239758.0,5.4116737533822965,6.039814456899884,4.928488596830306,inf,0,,0
VT,2022,162,142,172,20868.0,254471.0,7.7630822311673375,8.242284838029518,6.804677017442975,inf,0,,0
VT,2023,133,120,139,20841.0,256460.0,6.38165155222878,6.669545607216544,5.7578810997552905,inf,0,,0
VT,2024,161,122,168,20841.0,256460.0,7.725157142171681,8.061033539657407,5.853845784751212,inf,0,,0
WA,2017,1096,1047,1184,191045.0,2768660.0,5.736868277107488,6.1974927373131985,5.480384202674763,inf,0,,0
WA,2018,1076,1036,1152,193817.0,2847481.0,5.5516285981105895,5.94375106414814,5.345248352827667,inf,0,,0
WA,2019,1171,1079,1254,195105.0,2898378.0,6.001896414751032,6.427308372414854,5.5303554496296865,inf,0,,0
WA,2020,1162,1076,1316,194967.0,2959864.0,5.959982971477224,6.749860232757339,5.518882682710408,inf,0,,0
WA,2021,1305,1159,1430,198854.0,2821109.0,6.562603719311656,7.191205608134611,5.828396713166444,inf,0,,0
WA,2022,1500,1275,1576,202005.0,2978277.0,7.42555877329769,7.801787084478107,6.311724957303037,inf,0,,0
WA,2023,1324,1141,1404,202177.0,3056235.0,6.548717213135025,6.944410096103909,5.643569743343703,inf,0,,0
WA,2024,1452,937,1513,202177.0,3056235.0,7.181825825885239,7.483541649149013,4.63455289177305,inf,0,,0
WI,2017,605,589,676,142136.0,2561381.0,4.2564867450892105,4.7560083300500935,4.143918500590983,inf,0,,0
WI,2018,680,662,724,141666.0,2602148.0,4.800022588341593,5.110612285234284,4.672963166885491,inf,0,,0
WI,2019,659,633,717,141635.0,2610712.0,4.652804744589967,5.06230804532778,4.469234299431637,inf,0,,0
WI,2020,683,643,797,141326.0,2599347.0,4.832797928194387,5.6394435560335685,4.549764374566605,inf,0,,0
WI,2021,681,629,768,142496.0,2518727.0,4.7790815180777,5.389624971929036,4.414158993936672,inf,0,,0
WI,2022,828,741,888,144443.0,2600303.0,5.732365015957852,6.14775378523016,5.1300513005130055,inf,0,,0
WI,2023,841,763,891,144774.0,2642958.0,5.809054111926174,6.154419992540097,5.270283338168456,inf,0,,0
WI,2024,802,592,851,144774.0,2642958.0,5.539668725047315,5.878127288048959,4.089132026468841,inf,0,,0
WV,2017,88,85,109,36522.0,549413.0,2.40950659876239,2.984502491648869,2.327364328350036,inf,0,,0
WV,2018,93,91,132,35963.0,554567.0,2.5859911575786225,3.670439062369658,2.5303784445124156,inf,0,,0
WV,2019,106,100,145,35795.0,554433.0,2.961307445173907,4.050845090096383,2.793686269031988,inf,0,,0
WV,2020,74,72,104,35323.0,542148.0,2.0949522973699857,2.9442572827902502,2.0383319650086347,inf,0,,0
WV,2021,104,100,143,35316.0,519122.0,2.944840865330162,4.049156189828973,2.8315777551251555,inf,0,,0
WV,2022,110,99,160,35530.0,540468.0,3.0959752321981426,4.503236701379116,2.7863777089783284,inf,0,,0
WV,2023,125,109,160,35839.0,551240.0,3.487820530706772,4.464410279304668,3.041379502776305,inf,0,,0
WV,2024,112,71,137,35839.0,551240.0,3.125087195513268,3.822651301654622,1.9810820614414464,inf,0,,0
WY,2017,51,47,100,21148.0,201864.0,2.411575562700965,4.728579534707774,2.222432381312654,inf,0,,0
WY,2018,72,70,89,21336.0,205786.0,3.374578177727784,4.171353580802399,3.2808398950131235,inf,0,,0
WY,2019,84,77,113,21578.0,207016.0,3.892853832607285,5.236815274816943,3.568449346556678,inf,0,,0
WY,2020,84,72,102,21770.0,206266.0,3.8585209003215435,4.6853468075333025,3.307303628847037,inf,0,,0
WY,2021,97,85,120,22474.0,198810.0,4.316098602829937,5.339503426181365,3.7821482602118004,inf,0,,0
WY,2022,131,116,145,23196.0,208024.0,5.6475254354199,6.25107777202966,5.0008622176237285,inf,0,,0
WY,2023,146,126,155,23865.0,212203.0,6.117745652629373,6.494866959983239,5.279698302954117,inf,0,,0
WY,2024,189,123,199,23865.0,212203.0,7.919547454431176,8.338571129268804,5.153991200502828,inf,0,,0
